boot ok
TICK tick=0 ts_ms=0
TRACE tick=0 task=0 from=0 to=3 reason=timeout ts_ms=0
TIMING tick=0 ts_start_us=0 ts_end_us=50 exec_us=50 slack_us=9950 overrun=false
TICK tick=1 ts_ms=10
TIMING tick=1 ts_start_us=10000 ts_end_us=10010 exec_us=10 slack_us=9990 overrun=false
TICK tick=2 ts_ms=20
TIMING tick=2 ts_start_us=20000 ts_end_us=20010 exec_us=10 slack_us=9990 overrun=false
TICK tick=3 ts_ms=30
TIMING tick=3 ts_start_us=30000 ts_end_us=30010 exec_us=10 slack_us=9990 overrun=false
TICK tick=4 ts_ms=40
TIMING tick=4 ts_start_us=40000 ts_end_us=40010 exec_us=10 slack_us=9990 overrun=false
TICK tick=5 ts_ms=50
TIMING tick=5 ts_start_us=50000 ts_end_us=50010 exec_us=10 slack_us=9990 overrun=false
TICK tick=6 ts_ms=60
TIMING tick=6 ts_start_us=60000 ts_end_us=60010 exec_us=10 slack_us=9990 overrun=false
TICK tick=7 ts_ms=70
TIMING tick=7 ts_start_us=70000 ts_end_us=70010 exec_us=10 slack_us=9990 overrun=false
TICK tick=8 ts_ms=80
TIMING tick=8 ts_start_us=80000 ts_end_us=80010 exec_us=10 slack_us=9990 overrun=false
TICK tick=9 ts_ms=90
TIMING tick=9 ts_start_us=90000 ts_end_us=90010 exec_us=10 slack_us=9990 overrun=false
TICK tick=10 ts_ms=100
TRACE tick=10 task=0 from=3 to=4 reason=wait_satisfied ts_ms=100
TRACE tick=10 task=0 from=4 to=5 reason=wait_satisfied ts_ms=100
TRACE tick=10 task=0 from=5 to=6 reason=wait_satisfied ts_ms=100
TRACE tick=10 task=0 from=6 to=7 reason=action ts_ms=100
TRACE tick=10 task=0 from=7 to=8 reason=action ts_ms=100
TRACE tick=10 task=0 from=8 to=9 reason=action ts_ms=100
TRACE tick=10 task=0 from=9 to=10 reason=action ts_ms=100
TIMING tick=10 ts_start_us=100000 ts_end_us=100290 exec_us=290 slack_us=9710 overrun=false
TICK tick=11 ts_ms=110
TIMING tick=11 ts_start_us=110000 ts_end_us=110010 exec_us=10 slack_us=9990 overrun=false
TICK tick=12 ts_ms=120
TIMING tick=12 ts_start_us=120000 ts_end_us=120010 exec_us=10 slack_us=9990 overrun=false
TICK tick=13 ts_ms=130
TIMING tick=13 ts_start_us=130000 ts_end_us=130010 exec_us=10 slack_us=9990 overrun=false
TICK tick=14 ts_ms=140
TIMING tick=14 ts_start_us=140000 ts_end_us=140010 exec_us=10 slack_us=9990 overrun=false
TICK tick=15 ts_ms=150
TIMING tick=15 ts_start_us=150000 ts_end_us=150010 exec_us=10 slack_us=9990 overrun=false
TICK tick=16 ts_ms=160
TIMING tick=16 ts_start_us=160000 ts_end_us=160010 exec_us=10 slack_us=9990 overrun=false
TICK tick=17 ts_ms=170
TIMING tick=17 ts_start_us=170000 ts_end_us=170010 exec_us=10 slack_us=9990 overrun=false
TICK tick=18 ts_ms=180
TIMING tick=18 ts_start_us=180000 ts_end_us=180010 exec_us=10 slack_us=9990 overrun=false
TICK tick=19 ts_ms=190
TIMING tick=19 ts_start_us=190000 ts_end_us=190010 exec_us=10 slack_us=9990 overrun=false
TICK tick=20 ts_ms=200
TRACE tick=20 task=0 from=10 to=11 reason=delay_elapsed ts_ms=200
TRACE tick=20 task=0 from=11 to=12 reason=action ts_ms=200
TRACE tick=20 task=5 from=0 to=1 reason=wait_satisfied ts_ms=200
TRACE tick=20 task=5 from=1 to=2 reason=action ts_ms=200
TIMING tick=20 ts_start_us=200000 ts_end_us=200170 exec_us=170 slack_us=9830 overrun=false
TICK tick=21 ts_ms=210
TIMING tick=21 ts_start_us=210000 ts_end_us=210010 exec_us=10 slack_us=9990 overrun=false
TICK tick=22 ts_ms=220
TIMING tick=22 ts_start_us=220000 ts_end_us=220010 exec_us=10 slack_us=9990 overrun=false
TICK tick=23 ts_ms=230
TIMING tick=23 ts_start_us=230000 ts_end_us=230010 exec_us=10 slack_us=9990 overrun=false
TICK tick=24 ts_ms=240
TIMING tick=24 ts_start_us=240000 ts_end_us=240010 exec_us=10 slack_us=9990 overrun=false
TICK tick=25 ts_ms=250
TIMING tick=25 ts_start_us=250000 ts_end_us=250010 exec_us=10 slack_us=9990 overrun=false
TICK tick=26 ts_ms=260
TIMING tick=26 ts_start_us=260000 ts_end_us=260010 exec_us=10 slack_us=9990 overrun=false
TICK tick=27 ts_ms=270
TIMING tick=27 ts_start_us=270000 ts_end_us=270010 exec_us=10 slack_us=9990 overrun=false
TICK tick=28 ts_ms=280
TIMING tick=28 ts_start_us=280000 ts_end_us=280010 exec_us=10 slack_us=9990 overrun=false
TICK tick=29 ts_ms=290
TIMING tick=29 ts_start_us=290000 ts_end_us=290010 exec_us=10 slack_us=9990 overrun=false
TICK tick=30 ts_ms=300
TIMING tick=30 ts_start_us=300000 ts_end_us=300010 exec_us=10 slack_us=9990 overrun=false
TICK tick=31 ts_ms=310
TIMING tick=31 ts_start_us=310000 ts_end_us=310010 exec_us=10 slack_us=9990 overrun=false
TICK tick=32 ts_ms=320
TIMING tick=32 ts_start_us=320000 ts_end_us=320010 exec_us=10 slack_us=9990 overrun=false
TICK tick=33 ts_ms=330
TIMING tick=33 ts_start_us=330000 ts_end_us=330010 exec_us=10 slack_us=9990 overrun=false
TICK tick=34 ts_ms=340
TIMING tick=34 ts_start_us=340000 ts_end_us=340010 exec_us=10 slack_us=9990 overrun=false
TICK tick=35 ts_ms=350
TIMING tick=35 ts_start_us=350000 ts_end_us=350010 exec_us=10 slack_us=9990 overrun=false
TICK tick=36 ts_ms=360
TIMING tick=36 ts_start_us=360000 ts_end_us=360010 exec_us=10 slack_us=9990 overrun=false
TICK tick=37 ts_ms=370
TIMING tick=37 ts_start_us=370000 ts_end_us=370010 exec_us=10 slack_us=9990 overrun=false
TICK tick=38 ts_ms=380
TIMING tick=38 ts_start_us=380000 ts_end_us=380010 exec_us=10 slack_us=9990 overrun=false
TICK tick=39 ts_ms=390
TIMING tick=39 ts_start_us=390000 ts_end_us=390010 exec_us=10 slack_us=9990 overrun=false
TICK tick=40 ts_ms=400
TIMING tick=40 ts_start_us=400000 ts_end_us=400010 exec_us=10 slack_us=9990 overrun=false
TICK tick=41 ts_ms=410
TIMING tick=41 ts_start_us=410000 ts_end_us=410010 exec_us=10 slack_us=9990 overrun=false
TICK tick=42 ts_ms=420
TIMING tick=42 ts_start_us=420000 ts_end_us=420010 exec_us=10 slack_us=9990 overrun=false
TICK tick=43 ts_ms=430
TIMING tick=43 ts_start_us=430000 ts_end_us=430010 exec_us=10 slack_us=9990 overrun=false
TICK tick=44 ts_ms=440
TIMING tick=44 ts_start_us=440000 ts_end_us=440010 exec_us=10 slack_us=9990 overrun=false
TICK tick=45 ts_ms=450
TIMING tick=45 ts_start_us=450000 ts_end_us=450010 exec_us=10 slack_us=9990 overrun=false
TICK tick=46 ts_ms=460
TIMING tick=46 ts_start_us=460000 ts_end_us=460010 exec_us=10 slack_us=9990 overrun=false
TICK tick=47 ts_ms=470
TIMING tick=47 ts_start_us=470000 ts_end_us=470010 exec_us=10 slack_us=9990 overrun=false
TICK tick=48 ts_ms=480
TIMING tick=48 ts_start_us=480000 ts_end_us=480010 exec_us=10 slack_us=9990 overrun=false
TICK tick=49 ts_ms=490
TIMING tick=49 ts_start_us=490000 ts_end_us=490010 exec_us=10 slack_us=9990 overrun=false
TICK tick=50 ts_ms=500
TIMING tick=50 ts_start_us=500000 ts_end_us=500010 exec_us=10 slack_us=9990 overrun=false
TICK tick=51 ts_ms=510
TIMING tick=51 ts_start_us=510000 ts_end_us=510010 exec_us=10 slack_us=9990 overrun=false
TICK tick=52 ts_ms=520
TIMING tick=52 ts_start_us=520000 ts_end_us=520010 exec_us=10 slack_us=9990 overrun=false
TICK tick=53 ts_ms=530
TIMING tick=53 ts_start_us=530000 ts_end_us=530010 exec_us=10 slack_us=9990 overrun=false
TICK tick=54 ts_ms=540
TIMING tick=54 ts_start_us=540000 ts_end_us=540010 exec_us=10 slack_us=9990 overrun=false
TICK tick=55 ts_ms=550
TIMING tick=55 ts_start_us=550000 ts_end_us=550010 exec_us=10 slack_us=9990 overrun=false
TICK tick=56 ts_ms=560
TIMING tick=56 ts_start_us=560000 ts_end_us=560010 exec_us=10 slack_us=9990 overrun=false
TICK tick=57 ts_ms=570
TIMING tick=57 ts_start_us=570000 ts_end_us=570010 exec_us=10 slack_us=9990 overrun=false
TICK tick=58 ts_ms=580
TIMING tick=58 ts_start_us=580000 ts_end_us=580010 exec_us=10 slack_us=9990 overrun=false
TICK tick=59 ts_ms=590
TIMING tick=59 ts_start_us=590000 ts_end_us=590010 exec_us=10 slack_us=9990 overrun=false
TICK tick=60 ts_ms=600
TIMING tick=60 ts_start_us=600000 ts_end_us=600010 exec_us=10 slack_us=9990 overrun=false
TICK tick=61 ts_ms=610
TIMING tick=61 ts_start_us=610000 ts_end_us=610010 exec_us=10 slack_us=9990 overrun=false
TICK tick=62 ts_ms=620
TIMING tick=62 ts_start_us=620000 ts_end_us=620010 exec_us=10 slack_us=9990 overrun=false
TICK tick=63 ts_ms=630
TIMING tick=63 ts_start_us=630000 ts_end_us=630010 exec_us=10 slack_us=9990 overrun=false
TICK tick=64 ts_ms=640
TIMING tick=64 ts_start_us=640000 ts_end_us=640010 exec_us=10 slack_us=9990 overrun=false
TICK tick=65 ts_ms=650
TIMING tick=65 ts_start_us=650000 ts_end_us=650010 exec_us=10 slack_us=9990 overrun=false
TICK tick=66 ts_ms=660
TIMING tick=66 ts_start_us=660000 ts_end_us=660010 exec_us=10 slack_us=9990 overrun=false
TICK tick=67 ts_ms=670
TIMING tick=67 ts_start_us=670000 ts_end_us=670010 exec_us=10 slack_us=9990 overrun=false
TICK tick=68 ts_ms=680
TIMING tick=68 ts_start_us=680000 ts_end_us=680010 exec_us=10 slack_us=9990 overrun=false
TICK tick=69 ts_ms=690
TIMING tick=69 ts_start_us=690000 ts_end_us=690010 exec_us=10 slack_us=9990 overrun=false
TICK tick=70 ts_ms=700
TIMING tick=70 ts_start_us=700000 ts_end_us=700010 exec_us=10 slack_us=9990 overrun=false
TICK tick=71 ts_ms=710
TIMING tick=71 ts_start_us=710000 ts_end_us=710010 exec_us=10 slack_us=9990 overrun=false
TICK tick=72 ts_ms=720
TIMING tick=72 ts_start_us=720000 ts_end_us=720010 exec_us=10 slack_us=9990 overrun=false
TICK tick=73 ts_ms=730
TIMING tick=73 ts_start_us=730000 ts_end_us=730010 exec_us=10 slack_us=9990 overrun=false
TICK tick=74 ts_ms=740
TIMING tick=74 ts_start_us=740000 ts_end_us=740010 exec_us=10 slack_us=9990 overrun=false
TICK tick=75 ts_ms=750
TIMING tick=75 ts_start_us=750000 ts_end_us=750010 exec_us=10 slack_us=9990 overrun=false
TICK tick=76 ts_ms=760
TIMING tick=76 ts_start_us=760000 ts_end_us=760010 exec_us=10 slack_us=9990 overrun=false
TICK tick=77 ts_ms=770
TIMING tick=77 ts_start_us=770000 ts_end_us=770010 exec_us=10 slack_us=9990 overrun=false
TICK tick=78 ts_ms=780
TIMING tick=78 ts_start_us=780000 ts_end_us=780010 exec_us=10 slack_us=9990 overrun=false
TICK tick=79 ts_ms=790
TIMING tick=79 ts_start_us=790000 ts_end_us=790010 exec_us=10 slack_us=9990 overrun=false
TICK tick=80 ts_ms=800
TIMING tick=80 ts_start_us=800000 ts_end_us=800010 exec_us=10 slack_us=9990 overrun=false
TICK tick=81 ts_ms=810
TIMING tick=81 ts_start_us=810000 ts_end_us=810010 exec_us=10 slack_us=9990 overrun=false
TICK tick=82 ts_ms=820
TIMING tick=82 ts_start_us=820000 ts_end_us=820010 exec_us=10 slack_us=9990 overrun=false
TICK tick=83 ts_ms=830
TIMING tick=83 ts_start_us=830000 ts_end_us=830010 exec_us=10 slack_us=9990 overrun=false
TICK tick=84 ts_ms=840
TIMING tick=84 ts_start_us=840000 ts_end_us=840010 exec_us=10 slack_us=9990 overrun=false
TICK tick=85 ts_ms=850
TIMING tick=85 ts_start_us=850000 ts_end_us=850010 exec_us=10 slack_us=9990 overrun=false
TICK tick=86 ts_ms=860
TIMING tick=86 ts_start_us=860000 ts_end_us=860010 exec_us=10 slack_us=9990 overrun=false
TICK tick=87 ts_ms=870
TIMING tick=87 ts_start_us=870000 ts_end_us=870010 exec_us=10 slack_us=9990 overrun=false
TICK tick=88 ts_ms=880
TIMING tick=88 ts_start_us=880000 ts_end_us=880010 exec_us=10 slack_us=9990 overrun=false
TICK tick=89 ts_ms=890
TIMING tick=89 ts_start_us=890000 ts_end_us=890010 exec_us=10 slack_us=9990 overrun=false
TICK tick=90 ts_ms=900
TIMING tick=90 ts_start_us=900000 ts_end_us=900010 exec_us=10 slack_us=9990 overrun=false
TICK tick=91 ts_ms=910
TIMING tick=91 ts_start_us=910000 ts_end_us=910010 exec_us=10 slack_us=9990 overrun=false
TICK tick=92 ts_ms=920
TIMING tick=92 ts_start_us=920000 ts_end_us=920010 exec_us=10 slack_us=9990 overrun=false
TICK tick=93 ts_ms=930
TIMING tick=93 ts_start_us=930000 ts_end_us=930010 exec_us=10 slack_us=9990 overrun=false
TICK tick=94 ts_ms=940
TIMING tick=94 ts_start_us=940000 ts_end_us=940010 exec_us=10 slack_us=9990 overrun=false
TICK tick=95 ts_ms=950
TIMING tick=95 ts_start_us=950000 ts_end_us=950010 exec_us=10 slack_us=9990 overrun=false
TICK tick=96 ts_ms=960
TIMING tick=96 ts_start_us=960000 ts_end_us=960010 exec_us=10 slack_us=9990 overrun=false
TICK tick=97 ts_ms=970
TIMING tick=97 ts_start_us=970000 ts_end_us=970010 exec_us=10 slack_us=9990 overrun=false
TICK tick=98 ts_ms=980
TIMING tick=98 ts_start_us=980000 ts_end_us=980010 exec_us=10 slack_us=9990 overrun=false
TICK tick=99 ts_ms=990
TIMING tick=99 ts_start_us=990000 ts_end_us=990010 exec_us=10 slack_us=9990 overrun=false
TICK tick=100 ts_ms=1000
TIMING tick=100 ts_start_us=1000000 ts_end_us=1000010 exec_us=10 slack_us=9990 overrun=false
TICK tick=101 ts_ms=1010
TIMING tick=101 ts_start_us=1010000 ts_end_us=1010010 exec_us=10 slack_us=9990 overrun=false
TICK tick=102 ts_ms=1020
TIMING tick=102 ts_start_us=1020000 ts_end_us=1020010 exec_us=10 slack_us=9990 overrun=false
TICK tick=103 ts_ms=1030
TIMING tick=103 ts_start_us=1030000 ts_end_us=1030010 exec_us=10 slack_us=9990 overrun=false
TICK tick=104 ts_ms=1040
TIMING tick=104 ts_start_us=1040000 ts_end_us=1040010 exec_us=10 slack_us=9990 overrun=false
TICK tick=105 ts_ms=1050
TIMING tick=105 ts_start_us=1050000 ts_end_us=1050010 exec_us=10 slack_us=9990 overrun=false
TICK tick=106 ts_ms=1060
TIMING tick=106 ts_start_us=1060000 ts_end_us=1060010 exec_us=10 slack_us=9990 overrun=false
TICK tick=107 ts_ms=1070
TIMING tick=107 ts_start_us=1070000 ts_end_us=1070010 exec_us=10 slack_us=9990 overrun=false
TICK tick=108 ts_ms=1080
TIMING tick=108 ts_start_us=1080000 ts_end_us=1080010 exec_us=10 slack_us=9990 overrun=false
TICK tick=109 ts_ms=1090
TIMING tick=109 ts_start_us=1090000 ts_end_us=1090010 exec_us=10 slack_us=9990 overrun=false
TICK tick=110 ts_ms=1100
TIMING tick=110 ts_start_us=1100000 ts_end_us=1100010 exec_us=10 slack_us=9990 overrun=false
TICK tick=111 ts_ms=1110
TIMING tick=111 ts_start_us=1110000 ts_end_us=1110010 exec_us=10 slack_us=9990 overrun=false
TICK tick=112 ts_ms=1120
TIMING tick=112 ts_start_us=1120000 ts_end_us=1120010 exec_us=10 slack_us=9990 overrun=false
TICK tick=113 ts_ms=1130
TIMING tick=113 ts_start_us=1130000 ts_end_us=1130010 exec_us=10 slack_us=9990 overrun=false
TICK tick=114 ts_ms=1140
TIMING tick=114 ts_start_us=1140000 ts_end_us=1140010 exec_us=10 slack_us=9990 overrun=false
TICK tick=115 ts_ms=1150
TIMING tick=115 ts_start_us=1150000 ts_end_us=1150010 exec_us=10 slack_us=9990 overrun=false
TICK tick=116 ts_ms=1160
TIMING tick=116 ts_start_us=1160000 ts_end_us=1160010 exec_us=10 slack_us=9990 overrun=false
TICK tick=117 ts_ms=1170
TIMING tick=117 ts_start_us=1170000 ts_end_us=1170010 exec_us=10 slack_us=9990 overrun=false
TICK tick=118 ts_ms=1180
TIMING tick=118 ts_start_us=1180000 ts_end_us=1180010 exec_us=10 slack_us=9990 overrun=false
TICK tick=119 ts_ms=1190
TIMING tick=119 ts_start_us=1190000 ts_end_us=1190010 exec_us=10 slack_us=9990 overrun=false
TICK tick=120 ts_ms=1200
TIMING tick=120 ts_start_us=1200000 ts_end_us=1200010 exec_us=10 slack_us=9990 overrun=false
TICK tick=121 ts_ms=1210
TIMING tick=121 ts_start_us=1210000 ts_end_us=1210010 exec_us=10 slack_us=9990 overrun=false
TICK tick=122 ts_ms=1220
TIMING tick=122 ts_start_us=1220000 ts_end_us=1220010 exec_us=10 slack_us=9990 overrun=false
TICK tick=123 ts_ms=1230
TIMING tick=123 ts_start_us=1230000 ts_end_us=1230010 exec_us=10 slack_us=9990 overrun=false
TICK tick=124 ts_ms=1240
TIMING tick=124 ts_start_us=1240000 ts_end_us=1240010 exec_us=10 slack_us=9990 overrun=false
TICK tick=125 ts_ms=1250
TIMING tick=125 ts_start_us=1250000 ts_end_us=1250010 exec_us=10 slack_us=9990 overrun=false
TICK tick=126 ts_ms=1260
TIMING tick=126 ts_start_us=1260000 ts_end_us=1260010 exec_us=10 slack_us=9990 overrun=false
TICK tick=127 ts_ms=1270
TIMING tick=127 ts_start_us=1270000 ts_end_us=1270010 exec_us=10 slack_us=9990 overrun=false
TICK tick=128 ts_ms=1280
TIMING tick=128 ts_start_us=1280000 ts_end_us=1280010 exec_us=10 slack_us=9990 overrun=false
TICK tick=129 ts_ms=1290
TIMING tick=129 ts_start_us=1290000 ts_end_us=1290010 exec_us=10 slack_us=9990 overrun=false
TICK tick=130 ts_ms=1300
TIMING tick=130 ts_start_us=1300000 ts_end_us=1300010 exec_us=10 slack_us=9990 overrun=false
TICK tick=131 ts_ms=1310
TIMING tick=131 ts_start_us=1310000 ts_end_us=1310010 exec_us=10 slack_us=9990 overrun=false
TICK tick=132 ts_ms=1320
TIMING tick=132 ts_start_us=1320000 ts_end_us=1320010 exec_us=10 slack_us=9990 overrun=false
TICK tick=133 ts_ms=1330
TIMING tick=133 ts_start_us=1330000 ts_end_us=1330010 exec_us=10 slack_us=9990 overrun=false
TICK tick=134 ts_ms=1340
TIMING tick=134 ts_start_us=1340000 ts_end_us=1340010 exec_us=10 slack_us=9990 overrun=false
TICK tick=135 ts_ms=1350
TIMING tick=135 ts_start_us=1350000 ts_end_us=1350010 exec_us=10 slack_us=9990 overrun=false
TICK tick=136 ts_ms=1360
TIMING tick=136 ts_start_us=1360000 ts_end_us=1360010 exec_us=10 slack_us=9990 overrun=false
TICK tick=137 ts_ms=1370
TIMING tick=137 ts_start_us=1370000 ts_end_us=1370010 exec_us=10 slack_us=9990 overrun=false
TICK tick=138 ts_ms=1380
TIMING tick=138 ts_start_us=1380000 ts_end_us=1380010 exec_us=10 slack_us=9990 overrun=false
TICK tick=139 ts_ms=1390
TIMING tick=139 ts_start_us=1390000 ts_end_us=1390010 exec_us=10 slack_us=9990 overrun=false
TICK tick=140 ts_ms=1400
TIMING tick=140 ts_start_us=1400000 ts_end_us=1400010 exec_us=10 slack_us=9990 overrun=false
TICK tick=141 ts_ms=1410
TIMING tick=141 ts_start_us=1410000 ts_end_us=1410010 exec_us=10 slack_us=9990 overrun=false
TICK tick=142 ts_ms=1420
TIMING tick=142 ts_start_us=1420000 ts_end_us=1420010 exec_us=10 slack_us=9990 overrun=false
TICK tick=143 ts_ms=1430
TIMING tick=143 ts_start_us=1430000 ts_end_us=1430010 exec_us=10 slack_us=9990 overrun=false
TICK tick=144 ts_ms=1440
TIMING tick=144 ts_start_us=1440000 ts_end_us=1440010 exec_us=10 slack_us=9990 overrun=false
TICK tick=145 ts_ms=1450
TIMING tick=145 ts_start_us=1450000 ts_end_us=1450010 exec_us=10 slack_us=9990 overrun=false
TICK tick=146 ts_ms=1460
TIMING tick=146 ts_start_us=1460000 ts_end_us=1460010 exec_us=10 slack_us=9990 overrun=false
TICK tick=147 ts_ms=1470
TIMING tick=147 ts_start_us=1470000 ts_end_us=1470010 exec_us=10 slack_us=9990 overrun=false
TICK tick=148 ts_ms=1480
TIMING tick=148 ts_start_us=1480000 ts_end_us=1480010 exec_us=10 slack_us=9990 overrun=false
TICK tick=149 ts_ms=1490
TIMING tick=149 ts_start_us=1490000 ts_end_us=1490010 exec_us=10 slack_us=9990 overrun=false
TICK tick=150 ts_ms=1500
TIMING tick=150 ts_start_us=1500000 ts_end_us=1500010 exec_us=10 slack_us=9990 overrun=false
TICK tick=151 ts_ms=1510
TIMING tick=151 ts_start_us=1510000 ts_end_us=1510010 exec_us=10 slack_us=9990 overrun=false
TICK tick=152 ts_ms=1520
TIMING tick=152 ts_start_us=1520000 ts_end_us=1520010 exec_us=10 slack_us=9990 overrun=false
TICK tick=153 ts_ms=1530
TIMING tick=153 ts_start_us=1530000 ts_end_us=1530010 exec_us=10 slack_us=9990 overrun=false
TICK tick=154 ts_ms=1540
TIMING tick=154 ts_start_us=1540000 ts_end_us=1540010 exec_us=10 slack_us=9990 overrun=false
TICK tick=155 ts_ms=1550
TIMING tick=155 ts_start_us=1550000 ts_end_us=1550010 exec_us=10 slack_us=9990 overrun=false
TICK tick=156 ts_ms=1560
TIMING tick=156 ts_start_us=1560000 ts_end_us=1560010 exec_us=10 slack_us=9990 overrun=false
TICK tick=157 ts_ms=1570
TIMING tick=157 ts_start_us=1570000 ts_end_us=1570010 exec_us=10 slack_us=9990 overrun=false
TICK tick=158 ts_ms=1580
TIMING tick=158 ts_start_us=1580000 ts_end_us=1580010 exec_us=10 slack_us=9990 overrun=false
TICK tick=159 ts_ms=1590
TIMING tick=159 ts_start_us=1590000 ts_end_us=1590010 exec_us=10 slack_us=9990 overrun=false
TICK tick=160 ts_ms=1600
TIMING tick=160 ts_start_us=1600000 ts_end_us=1600010 exec_us=10 slack_us=9990 overrun=false
TICK tick=161 ts_ms=1610
TIMING tick=161 ts_start_us=1610000 ts_end_us=1610010 exec_us=10 slack_us=9990 overrun=false
TICK tick=162 ts_ms=1620
TIMING tick=162 ts_start_us=1620000 ts_end_us=1620010 exec_us=10 slack_us=9990 overrun=false
TICK tick=163 ts_ms=1630
TIMING tick=163 ts_start_us=1630000 ts_end_us=1630010 exec_us=10 slack_us=9990 overrun=false
TICK tick=164 ts_ms=1640
TIMING tick=164 ts_start_us=1640000 ts_end_us=1640010 exec_us=10 slack_us=9990 overrun=false
TICK tick=165 ts_ms=1650
TIMING tick=165 ts_start_us=1650000 ts_end_us=1650010 exec_us=10 slack_us=9990 overrun=false
TICK tick=166 ts_ms=1660
TIMING tick=166 ts_start_us=1660000 ts_end_us=1660010 exec_us=10 slack_us=9990 overrun=false
TICK tick=167 ts_ms=1670
TIMING tick=167 ts_start_us=1670000 ts_end_us=1670010 exec_us=10 slack_us=9990 overrun=false
TICK tick=168 ts_ms=1680
TIMING tick=168 ts_start_us=1680000 ts_end_us=1680010 exec_us=10 slack_us=9990 overrun=false
TICK tick=169 ts_ms=1690
TIMING tick=169 ts_start_us=1690000 ts_end_us=1690010 exec_us=10 slack_us=9990 overrun=false
TICK tick=170 ts_ms=1700
TIMING tick=170 ts_start_us=1700000 ts_end_us=1700010 exec_us=10 slack_us=9990 overrun=false
TICK tick=171 ts_ms=1710
TIMING tick=171 ts_start_us=1710000 ts_end_us=1710010 exec_us=10 slack_us=9990 overrun=false
TICK tick=172 ts_ms=1720
TIMING tick=172 ts_start_us=1720000 ts_end_us=1720010 exec_us=10 slack_us=9990 overrun=false
TICK tick=173 ts_ms=1730
TIMING tick=173 ts_start_us=1730000 ts_end_us=1730010 exec_us=10 slack_us=9990 overrun=false
TICK tick=174 ts_ms=1740
TIMING tick=174 ts_start_us=1740000 ts_end_us=1740010 exec_us=10 slack_us=9990 overrun=false
TICK tick=175 ts_ms=1750
TIMING tick=175 ts_start_us=1750000 ts_end_us=1750010 exec_us=10 slack_us=9990 overrun=false
TICK tick=176 ts_ms=1760
TIMING tick=176 ts_start_us=1760000 ts_end_us=1760010 exec_us=10 slack_us=9990 overrun=false
TICK tick=177 ts_ms=1770
TIMING tick=177 ts_start_us=1770000 ts_end_us=1770010 exec_us=10 slack_us=9990 overrun=false
TICK tick=178 ts_ms=1780
TIMING tick=178 ts_start_us=1780000 ts_end_us=1780010 exec_us=10 slack_us=9990 overrun=false
TICK tick=179 ts_ms=1790
TIMING tick=179 ts_start_us=1790000 ts_end_us=1790010 exec_us=10 slack_us=9990 overrun=false
TICK tick=180 ts_ms=1800
TIMING tick=180 ts_start_us=1800000 ts_end_us=1800010 exec_us=10 slack_us=9990 overrun=false
TICK tick=181 ts_ms=1810
TIMING tick=181 ts_start_us=1810000 ts_end_us=1810010 exec_us=10 slack_us=9990 overrun=false
TICK tick=182 ts_ms=1820
TIMING tick=182 ts_start_us=1820000 ts_end_us=1820010 exec_us=10 slack_us=9990 overrun=false
TICK tick=183 ts_ms=1830
TIMING tick=183 ts_start_us=1830000 ts_end_us=1830010 exec_us=10 slack_us=9990 overrun=false
TICK tick=184 ts_ms=1840
TIMING tick=184 ts_start_us=1840000 ts_end_us=1840010 exec_us=10 slack_us=9990 overrun=false
TICK tick=185 ts_ms=1850
TIMING tick=185 ts_start_us=1850000 ts_end_us=1850010 exec_us=10 slack_us=9990 overrun=false
TICK tick=186 ts_ms=1860
TIMING tick=186 ts_start_us=1860000 ts_end_us=1860010 exec_us=10 slack_us=9990 overrun=false
TICK tick=187 ts_ms=1870
TIMING tick=187 ts_start_us=1870000 ts_end_us=1870010 exec_us=10 slack_us=9990 overrun=false
TICK tick=188 ts_ms=1880
TIMING tick=188 ts_start_us=1880000 ts_end_us=1880010 exec_us=10 slack_us=9990 overrun=false
TICK tick=189 ts_ms=1890
TIMING tick=189 ts_start_us=1890000 ts_end_us=1890010 exec_us=10 slack_us=9990 overrun=false
TICK tick=190 ts_ms=1900
TIMING tick=190 ts_start_us=1900000 ts_end_us=1900010 exec_us=10 slack_us=9990 overrun=false
TICK tick=191 ts_ms=1910
TIMING tick=191 ts_start_us=1910000 ts_end_us=1910010 exec_us=10 slack_us=9990 overrun=false
TICK tick=192 ts_ms=1920
TIMING tick=192 ts_start_us=1920000 ts_end_us=1920010 exec_us=10 slack_us=9990 overrun=false
TICK tick=193 ts_ms=1930
TIMING tick=193 ts_start_us=1930000 ts_end_us=1930010 exec_us=10 slack_us=9990 overrun=false
TICK tick=194 ts_ms=1940
TIMING tick=194 ts_start_us=1940000 ts_end_us=1940010 exec_us=10 slack_us=9990 overrun=false
TICK tick=195 ts_ms=1950
TIMING tick=195 ts_start_us=1950000 ts_end_us=1950010 exec_us=10 slack_us=9990 overrun=false
TICK tick=196 ts_ms=1960
TIMING tick=196 ts_start_us=1960000 ts_end_us=1960010 exec_us=10 slack_us=9990 overrun=false
TICK tick=197 ts_ms=1970
TIMING tick=197 ts_start_us=1970000 ts_end_us=1970010 exec_us=10 slack_us=9990 overrun=false
TICK tick=198 ts_ms=1980
TIMING tick=198 ts_start_us=1980000 ts_end_us=1980010 exec_us=10 slack_us=9990 overrun=false
TICK tick=199 ts_ms=1990
TIMING tick=199 ts_start_us=1990000 ts_end_us=1990010 exec_us=10 slack_us=9990 overrun=false
TICK tick=200 ts_ms=2000
TIMING tick=200 ts_start_us=2000000 ts_end_us=2000010 exec_us=10 slack_us=9990 overrun=false
TICK tick=201 ts_ms=2010
TIMING tick=201 ts_start_us=2010000 ts_end_us=2010010 exec_us=10 slack_us=9990 overrun=false
TICK tick=202 ts_ms=2020
TIMING tick=202 ts_start_us=2020000 ts_end_us=2020010 exec_us=10 slack_us=9990 overrun=false
TICK tick=203 ts_ms=2030
TIMING tick=203 ts_start_us=2030000 ts_end_us=2030010 exec_us=10 slack_us=9990 overrun=false
TICK tick=204 ts_ms=2040
TIMING tick=204 ts_start_us=2040000 ts_end_us=2040010 exec_us=10 slack_us=9990 overrun=false
TICK tick=205 ts_ms=2050
TIMING tick=205 ts_start_us=2050000 ts_end_us=2050010 exec_us=10 slack_us=9990 overrun=false
TICK tick=206 ts_ms=2060
TIMING tick=206 ts_start_us=2060000 ts_end_us=2060010 exec_us=10 slack_us=9990 overrun=false
TICK tick=207 ts_ms=2070
TIMING tick=207 ts_start_us=2070000 ts_end_us=2070010 exec_us=10 slack_us=9990 overrun=false
TICK tick=208 ts_ms=2080
TIMING tick=208 ts_start_us=2080000 ts_end_us=2080010 exec_us=10 slack_us=9990 overrun=false
TICK tick=209 ts_ms=2090
TIMING tick=209 ts_start_us=2090000 ts_end_us=2090010 exec_us=10 slack_us=9990 overrun=false
TICK tick=210 ts_ms=2100
TIMING tick=210 ts_start_us=2100000 ts_end_us=2100010 exec_us=10 slack_us=9990 overrun=false
TICK tick=211 ts_ms=2110
TIMING tick=211 ts_start_us=2110000 ts_end_us=2110010 exec_us=10 slack_us=9990 overrun=false
TICK tick=212 ts_ms=2120
TIMING tick=212 ts_start_us=2120000 ts_end_us=2120010 exec_us=10 slack_us=9990 overrun=false
TICK tick=213 ts_ms=2130
TIMING tick=213 ts_start_us=2130000 ts_end_us=2130010 exec_us=10 slack_us=9990 overrun=false
TICK tick=214 ts_ms=2140
TIMING tick=214 ts_start_us=2140000 ts_end_us=2140010 exec_us=10 slack_us=9990 overrun=false
TICK tick=215 ts_ms=2150
TIMING tick=215 ts_start_us=2150000 ts_end_us=2150010 exec_us=10 slack_us=9990 overrun=false
TICK tick=216 ts_ms=2160
TIMING tick=216 ts_start_us=2160000 ts_end_us=2160010 exec_us=10 slack_us=9990 overrun=false
TICK tick=217 ts_ms=2170
TIMING tick=217 ts_start_us=2170000 ts_end_us=2170010 exec_us=10 slack_us=9990 overrun=false
TICK tick=218 ts_ms=2180
TIMING tick=218 ts_start_us=2180000 ts_end_us=2180010 exec_us=10 slack_us=9990 overrun=false
TICK tick=219 ts_ms=2190
TIMING tick=219 ts_start_us=2190000 ts_end_us=2190010 exec_us=10 slack_us=9990 overrun=false
TICK tick=220 ts_ms=2200
TIMING tick=220 ts_start_us=2200000 ts_end_us=2200010 exec_us=10 slack_us=9990 overrun=false
TICK tick=221 ts_ms=2210
TIMING tick=221 ts_start_us=2210000 ts_end_us=2210010 exec_us=10 slack_us=9990 overrun=false
TICK tick=222 ts_ms=2220
TIMING tick=222 ts_start_us=2220000 ts_end_us=2220010 exec_us=10 slack_us=9990 overrun=false
TICK tick=223 ts_ms=2230
TIMING tick=223 ts_start_us=2230000 ts_end_us=2230010 exec_us=10 slack_us=9990 overrun=false
TICK tick=224 ts_ms=2240
TIMING tick=224 ts_start_us=2240000 ts_end_us=2240010 exec_us=10 slack_us=9990 overrun=false
TICK tick=225 ts_ms=2250
TIMING tick=225 ts_start_us=2250000 ts_end_us=2250010 exec_us=10 slack_us=9990 overrun=false
TICK tick=226 ts_ms=2260
TIMING tick=226 ts_start_us=2260000 ts_end_us=2260010 exec_us=10 slack_us=9990 overrun=false
TICK tick=227 ts_ms=2270
TIMING tick=227 ts_start_us=2270000 ts_end_us=2270010 exec_us=10 slack_us=9990 overrun=false
TICK tick=228 ts_ms=2280
TIMING tick=228 ts_start_us=2280000 ts_end_us=2280010 exec_us=10 slack_us=9990 overrun=false
TICK tick=229 ts_ms=2290
TIMING tick=229 ts_start_us=2290000 ts_end_us=2290010 exec_us=10 slack_us=9990 overrun=false
TICK tick=230 ts_ms=2300
TIMING tick=230 ts_start_us=2300000 ts_end_us=2300010 exec_us=10 slack_us=9990 overrun=false
TICK tick=231 ts_ms=2310
TIMING tick=231 ts_start_us=2310000 ts_end_us=2310010 exec_us=10 slack_us=9990 overrun=false
TICK tick=232 ts_ms=2320
TIMING tick=232 ts_start_us=2320000 ts_end_us=2320010 exec_us=10 slack_us=9990 overrun=false
TICK tick=233 ts_ms=2330
TIMING tick=233 ts_start_us=2330000 ts_end_us=2330010 exec_us=10 slack_us=9990 overrun=false
TICK tick=234 ts_ms=2340
TIMING tick=234 ts_start_us=2340000 ts_end_us=2340010 exec_us=10 slack_us=9990 overrun=false
TICK tick=235 ts_ms=2350
TIMING tick=235 ts_start_us=2350000 ts_end_us=2350010 exec_us=10 slack_us=9990 overrun=false
TICK tick=236 ts_ms=2360
TIMING tick=236 ts_start_us=2360000 ts_end_us=2360010 exec_us=10 slack_us=9990 overrun=false
TICK tick=237 ts_ms=2370
TIMING tick=237 ts_start_us=2370000 ts_end_us=2370010 exec_us=10 slack_us=9990 overrun=false
TICK tick=238 ts_ms=2380
TIMING tick=238 ts_start_us=2380000 ts_end_us=2380010 exec_us=10 slack_us=9990 overrun=false
TICK tick=239 ts_ms=2390
TIMING tick=239 ts_start_us=2390000 ts_end_us=2390010 exec_us=10 slack_us=9990 overrun=false
TICK tick=240 ts_ms=2400
TIMING tick=240 ts_start_us=2400000 ts_end_us=2400010 exec_us=10 slack_us=9990 overrun=false
TICK tick=241 ts_ms=2410
TIMING tick=241 ts_start_us=2410000 ts_end_us=2410010 exec_us=10 slack_us=9990 overrun=false
TICK tick=242 ts_ms=2420
TIMING tick=242 ts_start_us=2420000 ts_end_us=2420010 exec_us=10 slack_us=9990 overrun=false
TICK tick=243 ts_ms=2430
TIMING tick=243 ts_start_us=2430000 ts_end_us=2430010 exec_us=10 slack_us=9990 overrun=false
TICK tick=244 ts_ms=2440
TIMING tick=244 ts_start_us=2440000 ts_end_us=2440010 exec_us=10 slack_us=9990 overrun=false
TICK tick=245 ts_ms=2450
TIMING tick=245 ts_start_us=2450000 ts_end_us=2450010 exec_us=10 slack_us=9990 overrun=false
TICK tick=246 ts_ms=2460
TIMING tick=246 ts_start_us=2460000 ts_end_us=2460010 exec_us=10 slack_us=9990 overrun=false
TICK tick=247 ts_ms=2470
TIMING tick=247 ts_start_us=2470000 ts_end_us=2470010 exec_us=10 slack_us=9990 overrun=false
TICK tick=248 ts_ms=2480
TIMING tick=248 ts_start_us=2480000 ts_end_us=2480010 exec_us=10 slack_us=9990 overrun=false
TICK tick=249 ts_ms=2490
TIMING tick=249 ts_start_us=2490000 ts_end_us=2490010 exec_us=10 slack_us=9990 overrun=false
TICK tick=250 ts_ms=2500
TIMING tick=250 ts_start_us=2500000 ts_end_us=2500010 exec_us=10 slack_us=9990 overrun=false
TICK tick=251 ts_ms=2510
TIMING tick=251 ts_start_us=2510000 ts_end_us=2510010 exec_us=10 slack_us=9990 overrun=false
TICK tick=252 ts_ms=2520
TIMING tick=252 ts_start_us=2520000 ts_end_us=2520010 exec_us=10 slack_us=9990 overrun=false
TICK tick=253 ts_ms=2530
TIMING tick=253 ts_start_us=2530000 ts_end_us=2530010 exec_us=10 slack_us=9990 overrun=false
TICK tick=254 ts_ms=2540
TIMING tick=254 ts_start_us=2540000 ts_end_us=2540010 exec_us=10 slack_us=9990 overrun=false
TICK tick=255 ts_ms=2550
TIMING tick=255 ts_start_us=2550000 ts_end_us=2550010 exec_us=10 slack_us=9990 overrun=false
TICK tick=256 ts_ms=2560
TIMING tick=256 ts_start_us=2560000 ts_end_us=2560010 exec_us=10 slack_us=9990 overrun=false
TICK tick=257 ts_ms=2570
TIMING tick=257 ts_start_us=2570000 ts_end_us=2570010 exec_us=10 slack_us=9990 overrun=false
TICK tick=258 ts_ms=2580
TIMING tick=258 ts_start_us=2580000 ts_end_us=2580010 exec_us=10 slack_us=9990 overrun=false
TICK tick=259 ts_ms=2590
TIMING tick=259 ts_start_us=2590000 ts_end_us=2590010 exec_us=10 slack_us=9990 overrun=false
TICK tick=260 ts_ms=2600
TIMING tick=260 ts_start_us=2600000 ts_end_us=2600010 exec_us=10 slack_us=9990 overrun=false
TICK tick=261 ts_ms=2610
TIMING tick=261 ts_start_us=2610000 ts_end_us=2610010 exec_us=10 slack_us=9990 overrun=false
TICK tick=262 ts_ms=2620
TIMING tick=262 ts_start_us=2620000 ts_end_us=2620010 exec_us=10 slack_us=9990 overrun=false
TICK tick=263 ts_ms=2630
TIMING tick=263 ts_start_us=2630000 ts_end_us=2630010 exec_us=10 slack_us=9990 overrun=false
TICK tick=264 ts_ms=2640
TIMING tick=264 ts_start_us=2640000 ts_end_us=2640010 exec_us=10 slack_us=9990 overrun=false
TICK tick=265 ts_ms=2650
TIMING tick=265 ts_start_us=2650000 ts_end_us=2650010 exec_us=10 slack_us=9990 overrun=false
TICK tick=266 ts_ms=2660
TIMING tick=266 ts_start_us=2660000 ts_end_us=2660010 exec_us=10 slack_us=9990 overrun=false
TICK tick=267 ts_ms=2670
TIMING tick=267 ts_start_us=2670000 ts_end_us=2670010 exec_us=10 slack_us=9990 overrun=false
TICK tick=268 ts_ms=2680
TIMING tick=268 ts_start_us=2680000 ts_end_us=2680010 exec_us=10 slack_us=9990 overrun=false
TICK tick=269 ts_ms=2690
TIMING tick=269 ts_start_us=2690000 ts_end_us=2690010 exec_us=10 slack_us=9990 overrun=false
TICK tick=270 ts_ms=2700
TIMING tick=270 ts_start_us=2700000 ts_end_us=2700010 exec_us=10 slack_us=9990 overrun=false
TICK tick=271 ts_ms=2710
TIMING tick=271 ts_start_us=2710000 ts_end_us=2710010 exec_us=10 slack_us=9990 overrun=false
TICK tick=272 ts_ms=2720
TIMING tick=272 ts_start_us=2720000 ts_end_us=2720010 exec_us=10 slack_us=9990 overrun=false
TICK tick=273 ts_ms=2730
TIMING tick=273 ts_start_us=2730000 ts_end_us=2730010 exec_us=10 slack_us=9990 overrun=false
TICK tick=274 ts_ms=2740
TIMING tick=274 ts_start_us=2740000 ts_end_us=2740010 exec_us=10 slack_us=9990 overrun=false
TICK tick=275 ts_ms=2750
TIMING tick=275 ts_start_us=2750000 ts_end_us=2750010 exec_us=10 slack_us=9990 overrun=false
TICK tick=276 ts_ms=2760
TIMING tick=276 ts_start_us=2760000 ts_end_us=2760010 exec_us=10 slack_us=9990 overrun=false
TICK tick=277 ts_ms=2770
TIMING tick=277 ts_start_us=2770000 ts_end_us=2770010 exec_us=10 slack_us=9990 overrun=false
TICK tick=278 ts_ms=2780
TIMING tick=278 ts_start_us=2780000 ts_end_us=2780010 exec_us=10 slack_us=9990 overrun=false
TICK tick=279 ts_ms=2790
TIMING tick=279 ts_start_us=2790000 ts_end_us=2790010 exec_us=10 slack_us=9990 overrun=false
TICK tick=280 ts_ms=2800
TIMING tick=280 ts_start_us=2800000 ts_end_us=2800010 exec_us=10 slack_us=9990 overrun=false
TICK tick=281 ts_ms=2810
TIMING tick=281 ts_start_us=2810000 ts_end_us=2810010 exec_us=10 slack_us=9990 overrun=false
TICK tick=282 ts_ms=2820
TIMING tick=282 ts_start_us=2820000 ts_end_us=2820010 exec_us=10 slack_us=9990 overrun=false
TICK tick=283 ts_ms=2830
TIMING tick=283 ts_start_us=2830000 ts_end_us=2830010 exec_us=10 slack_us=9990 overrun=false
TICK tick=284 ts_ms=2840
TIMING tick=284 ts_start_us=2840000 ts_end_us=2840010 exec_us=10 slack_us=9990 overrun=false
TICK tick=285 ts_ms=2850
TIMING tick=285 ts_start_us=2850000 ts_end_us=2850010 exec_us=10 slack_us=9990 overrun=false
TICK tick=286 ts_ms=2860
TIMING tick=286 ts_start_us=2860000 ts_end_us=2860010 exec_us=10 slack_us=9990 overrun=false
TICK tick=287 ts_ms=2870
TIMING tick=287 ts_start_us=2870000 ts_end_us=2870010 exec_us=10 slack_us=9990 overrun=false
TICK tick=288 ts_ms=2880
TIMING tick=288 ts_start_us=2880000 ts_end_us=2880010 exec_us=10 slack_us=9990 overrun=false
TICK tick=289 ts_ms=2890
TIMING tick=289 ts_start_us=2890000 ts_end_us=2890010 exec_us=10 slack_us=9990 overrun=false
TICK tick=290 ts_ms=2900
TIMING tick=290 ts_start_us=2900000 ts_end_us=2900010 exec_us=10 slack_us=9990 overrun=false
TICK tick=291 ts_ms=2910
TIMING tick=291 ts_start_us=2910000 ts_end_us=2910010 exec_us=10 slack_us=9990 overrun=false
TICK tick=292 ts_ms=2920
TIMING tick=292 ts_start_us=2920000 ts_end_us=2920010 exec_us=10 slack_us=9990 overrun=false
TICK tick=293 ts_ms=2930
TIMING tick=293 ts_start_us=2930000 ts_end_us=2930010 exec_us=10 slack_us=9990 overrun=false
TICK tick=294 ts_ms=2940
TIMING tick=294 ts_start_us=2940000 ts_end_us=2940010 exec_us=10 slack_us=9990 overrun=false
TICK tick=295 ts_ms=2950
TIMING tick=295 ts_start_us=2950000 ts_end_us=2950010 exec_us=10 slack_us=9990 overrun=false
TICK tick=296 ts_ms=2960
TIMING tick=296 ts_start_us=2960000 ts_end_us=2960010 exec_us=10 slack_us=9990 overrun=false
TICK tick=297 ts_ms=2970
TIMING tick=297 ts_start_us=2970000 ts_end_us=2970010 exec_us=10 slack_us=9990 overrun=false
TICK tick=298 ts_ms=2980
TIMING tick=298 ts_start_us=2980000 ts_end_us=2980010 exec_us=10 slack_us=9990 overrun=false
TICK tick=299 ts_ms=2990
TIMING tick=299 ts_start_us=2990000 ts_end_us=2990010 exec_us=10 slack_us=9990 overrun=false
TICK tick=300 ts_ms=3000
TIMING tick=300 ts_start_us=3000000 ts_end_us=3000010 exec_us=10 slack_us=9990 overrun=false
TICK tick=301 ts_ms=3010
TIMING tick=301 ts_start_us=3010000 ts_end_us=3010010 exec_us=10 slack_us=9990 overrun=false
TICK tick=302 ts_ms=3020
TIMING tick=302 ts_start_us=3020000 ts_end_us=3020010 exec_us=10 slack_us=9990 overrun=false
TICK tick=303 ts_ms=3030
TIMING tick=303 ts_start_us=3030000 ts_end_us=3030010 exec_us=10 slack_us=9990 overrun=false
TICK tick=304 ts_ms=3040
TIMING tick=304 ts_start_us=3040000 ts_end_us=3040010 exec_us=10 slack_us=9990 overrun=false
TICK tick=305 ts_ms=3050
TIMING tick=305 ts_start_us=3050000 ts_end_us=3050010 exec_us=10 slack_us=9990 overrun=false
TICK tick=306 ts_ms=3060
TIMING tick=306 ts_start_us=3060000 ts_end_us=3060010 exec_us=10 slack_us=9990 overrun=false
TICK tick=307 ts_ms=3070
TIMING tick=307 ts_start_us=3070000 ts_end_us=3070010 exec_us=10 slack_us=9990 overrun=false
TICK tick=308 ts_ms=3080
TIMING tick=308 ts_start_us=3080000 ts_end_us=3080010 exec_us=10 slack_us=9990 overrun=false
TICK tick=309 ts_ms=3090
TIMING tick=309 ts_start_us=3090000 ts_end_us=3090010 exec_us=10 slack_us=9990 overrun=false
TICK tick=310 ts_ms=3100
TIMING tick=310 ts_start_us=3100000 ts_end_us=3100010 exec_us=10 slack_us=9990 overrun=false
TICK tick=311 ts_ms=3110
TIMING tick=311 ts_start_us=3110000 ts_end_us=3110010 exec_us=10 slack_us=9990 overrun=false
TICK tick=312 ts_ms=3120
TIMING tick=312 ts_start_us=3120000 ts_end_us=3120010 exec_us=10 slack_us=9990 overrun=false
TICK tick=313 ts_ms=3130
TIMING tick=313 ts_start_us=3130000 ts_end_us=3130010 exec_us=10 slack_us=9990 overrun=false
TICK tick=314 ts_ms=3140
TIMING tick=314 ts_start_us=3140000 ts_end_us=3140010 exec_us=10 slack_us=9990 overrun=false
TICK tick=315 ts_ms=3150
TIMING tick=315 ts_start_us=3150000 ts_end_us=3150010 exec_us=10 slack_us=9990 overrun=false
TICK tick=316 ts_ms=3160
TIMING tick=316 ts_start_us=3160000 ts_end_us=3160010 exec_us=10 slack_us=9990 overrun=false
TICK tick=317 ts_ms=3170
TIMING tick=317 ts_start_us=3170000 ts_end_us=3170010 exec_us=10 slack_us=9990 overrun=false
TICK tick=318 ts_ms=3180
TIMING tick=318 ts_start_us=3180000 ts_end_us=3180010 exec_us=10 slack_us=9990 overrun=false
TICK tick=319 ts_ms=3190
TIMING tick=319 ts_start_us=3190000 ts_end_us=3190010 exec_us=10 slack_us=9990 overrun=false
TICK tick=320 ts_ms=3200
TIMING tick=320 ts_start_us=3200000 ts_end_us=3200010 exec_us=10 slack_us=9990 overrun=false
TICK tick=321 ts_ms=3210
TIMING tick=321 ts_start_us=3210000 ts_end_us=3210010 exec_us=10 slack_us=9990 overrun=false
TICK tick=322 ts_ms=3220
TIMING tick=322 ts_start_us=3220000 ts_end_us=3220010 exec_us=10 slack_us=9990 overrun=false
TICK tick=323 ts_ms=3230
TIMING tick=323 ts_start_us=3230000 ts_end_us=3230010 exec_us=10 slack_us=9990 overrun=false
TICK tick=324 ts_ms=3240
TIMING tick=324 ts_start_us=3240000 ts_end_us=3240010 exec_us=10 slack_us=9990 overrun=false
TICK tick=325 ts_ms=3250
TIMING tick=325 ts_start_us=3250000 ts_end_us=3250010 exec_us=10 slack_us=9990 overrun=false
TICK tick=326 ts_ms=3260
TIMING tick=326 ts_start_us=3260000 ts_end_us=3260010 exec_us=10 slack_us=9990 overrun=false
TICK tick=327 ts_ms=3270
TIMING tick=327 ts_start_us=3270000 ts_end_us=3270010 exec_us=10 slack_us=9990 overrun=false
TICK tick=328 ts_ms=3280
TIMING tick=328 ts_start_us=3280000 ts_end_us=3280010 exec_us=10 slack_us=9990 overrun=false
TICK tick=329 ts_ms=3290
TIMING tick=329 ts_start_us=3290000 ts_end_us=3290010 exec_us=10 slack_us=9990 overrun=false
TICK tick=330 ts_ms=3300
TIMING tick=330 ts_start_us=3300000 ts_end_us=3300010 exec_us=10 slack_us=9990 overrun=false
TICK tick=331 ts_ms=3310
TIMING tick=331 ts_start_us=3310000 ts_end_us=3310010 exec_us=10 slack_us=9990 overrun=false
TICK tick=332 ts_ms=3320
TIMING tick=332 ts_start_us=3320000 ts_end_us=3320010 exec_us=10 slack_us=9990 overrun=false
TICK tick=333 ts_ms=3330
TIMING tick=333 ts_start_us=3330000 ts_end_us=3330010 exec_us=10 slack_us=9990 overrun=false
TICK tick=334 ts_ms=3340
TIMING tick=334 ts_start_us=3340000 ts_end_us=3340010 exec_us=10 slack_us=9990 overrun=false
TICK tick=335 ts_ms=3350
TIMING tick=335 ts_start_us=3350000 ts_end_us=3350010 exec_us=10 slack_us=9990 overrun=false
TICK tick=336 ts_ms=3360
TIMING tick=336 ts_start_us=3360000 ts_end_us=3360010 exec_us=10 slack_us=9990 overrun=false
TICK tick=337 ts_ms=3370
TIMING tick=337 ts_start_us=3370000 ts_end_us=3370010 exec_us=10 slack_us=9990 overrun=false
TICK tick=338 ts_ms=3380
TIMING tick=338 ts_start_us=3380000 ts_end_us=3380010 exec_us=10 slack_us=9990 overrun=false
TICK tick=339 ts_ms=3390
TIMING tick=339 ts_start_us=3390000 ts_end_us=3390010 exec_us=10 slack_us=9990 overrun=false
TICK tick=340 ts_ms=3400
TIMING tick=340 ts_start_us=3400000 ts_end_us=3400010 exec_us=10 slack_us=9990 overrun=false
TICK tick=341 ts_ms=3410
TIMING tick=341 ts_start_us=3410000 ts_end_us=3410010 exec_us=10 slack_us=9990 overrun=false
TICK tick=342 ts_ms=3420
TIMING tick=342 ts_start_us=3420000 ts_end_us=3420010 exec_us=10 slack_us=9990 overrun=false
TICK tick=343 ts_ms=3430
TIMING tick=343 ts_start_us=3430000 ts_end_us=3430010 exec_us=10 slack_us=9990 overrun=false
TICK tick=344 ts_ms=3440
TIMING tick=344 ts_start_us=3440000 ts_end_us=3440010 exec_us=10 slack_us=9990 overrun=false
TICK tick=345 ts_ms=3450
TIMING tick=345 ts_start_us=3450000 ts_end_us=3450010 exec_us=10 slack_us=9990 overrun=false
TICK tick=346 ts_ms=3460
TIMING tick=346 ts_start_us=3460000 ts_end_us=3460010 exec_us=10 slack_us=9990 overrun=false
TICK tick=347 ts_ms=3470
TIMING tick=347 ts_start_us=3470000 ts_end_us=3470010 exec_us=10 slack_us=9990 overrun=false
TICK tick=348 ts_ms=3480
TIMING tick=348 ts_start_us=3480000 ts_end_us=3480010 exec_us=10 slack_us=9990 overrun=false
TICK tick=349 ts_ms=3490
TIMING tick=349 ts_start_us=3490000 ts_end_us=3490010 exec_us=10 slack_us=9990 overrun=false
TICK tick=350 ts_ms=3500
TIMING tick=350 ts_start_us=3500000 ts_end_us=3500010 exec_us=10 slack_us=9990 overrun=false
TICK tick=351 ts_ms=3510
TIMING tick=351 ts_start_us=3510000 ts_end_us=3510010 exec_us=10 slack_us=9990 overrun=false
TICK tick=352 ts_ms=3520
TIMING tick=352 ts_start_us=3520000 ts_end_us=3520010 exec_us=10 slack_us=9990 overrun=false
TICK tick=353 ts_ms=3530
TIMING tick=353 ts_start_us=3530000 ts_end_us=3530010 exec_us=10 slack_us=9990 overrun=false
TICK tick=354 ts_ms=3540
TIMING tick=354 ts_start_us=3540000 ts_end_us=3540010 exec_us=10 slack_us=9990 overrun=false
TICK tick=355 ts_ms=3550
TIMING tick=355 ts_start_us=3550000 ts_end_us=3550010 exec_us=10 slack_us=9990 overrun=false
TICK tick=356 ts_ms=3560
TIMING tick=356 ts_start_us=3560000 ts_end_us=3560010 exec_us=10 slack_us=9990 overrun=false
TICK tick=357 ts_ms=3570
TIMING tick=357 ts_start_us=3570000 ts_end_us=3570010 exec_us=10 slack_us=9990 overrun=false
TICK tick=358 ts_ms=3580
TIMING tick=358 ts_start_us=3580000 ts_end_us=3580010 exec_us=10 slack_us=9990 overrun=false
TICK tick=359 ts_ms=3590
TIMING tick=359 ts_start_us=3590000 ts_end_us=3590010 exec_us=10 slack_us=9990 overrun=false
TICK tick=360 ts_ms=3600
TIMING tick=360 ts_start_us=3600000 ts_end_us=3600010 exec_us=10 slack_us=9990 overrun=false
TICK tick=361 ts_ms=3610
TIMING tick=361 ts_start_us=3610000 ts_end_us=3610010 exec_us=10 slack_us=9990 overrun=false
TICK tick=362 ts_ms=3620
TIMING tick=362 ts_start_us=3620000 ts_end_us=3620010 exec_us=10 slack_us=9990 overrun=false
TICK tick=363 ts_ms=3630
TIMING tick=363 ts_start_us=3630000 ts_end_us=3630010 exec_us=10 slack_us=9990 overrun=false
TICK tick=364 ts_ms=3640
TIMING tick=364 ts_start_us=3640000 ts_end_us=3640010 exec_us=10 slack_us=9990 overrun=false
TICK tick=365 ts_ms=3650
TIMING tick=365 ts_start_us=3650000 ts_end_us=3650010 exec_us=10 slack_us=9990 overrun=false
TICK tick=366 ts_ms=3660
TIMING tick=366 ts_start_us=3660000 ts_end_us=3660010 exec_us=10 slack_us=9990 overrun=false
TICK tick=367 ts_ms=3670
TIMING tick=367 ts_start_us=3670000 ts_end_us=3670010 exec_us=10 slack_us=9990 overrun=false
TICK tick=368 ts_ms=3680
TIMING tick=368 ts_start_us=3680000 ts_end_us=3680010 exec_us=10 slack_us=9990 overrun=false
TICK tick=369 ts_ms=3690
TIMING tick=369 ts_start_us=3690000 ts_end_us=3690010 exec_us=10 slack_us=9990 overrun=false
TICK tick=370 ts_ms=3700
TIMING tick=370 ts_start_us=3700000 ts_end_us=3700010 exec_us=10 slack_us=9990 overrun=false
TICK tick=371 ts_ms=3710
TIMING tick=371 ts_start_us=3710000 ts_end_us=3710010 exec_us=10 slack_us=9990 overrun=false
TICK tick=372 ts_ms=3720
TIMING tick=372 ts_start_us=3720000 ts_end_us=3720010 exec_us=10 slack_us=9990 overrun=false
TICK tick=373 ts_ms=3730
TIMING tick=373 ts_start_us=3730000 ts_end_us=3730010 exec_us=10 slack_us=9990 overrun=false
TICK tick=374 ts_ms=3740
TIMING tick=374 ts_start_us=3740000 ts_end_us=3740010 exec_us=10 slack_us=9990 overrun=false
TICK tick=375 ts_ms=3750
TIMING tick=375 ts_start_us=3750000 ts_end_us=3750010 exec_us=10 slack_us=9990 overrun=false
TICK tick=376 ts_ms=3760
TIMING tick=376 ts_start_us=3760000 ts_end_us=3760010 exec_us=10 slack_us=9990 overrun=false
TICK tick=377 ts_ms=3770
TIMING tick=377 ts_start_us=3770000 ts_end_us=3770010 exec_us=10 slack_us=9990 overrun=false
TICK tick=378 ts_ms=3780
TIMING tick=378 ts_start_us=3780000 ts_end_us=3780010 exec_us=10 slack_us=9990 overrun=false
TICK tick=379 ts_ms=3790
TIMING tick=379 ts_start_us=3790000 ts_end_us=3790010 exec_us=10 slack_us=9990 overrun=false
TICK tick=380 ts_ms=3800
TIMING tick=380 ts_start_us=3800000 ts_end_us=3800010 exec_us=10 slack_us=9990 overrun=false
TICK tick=381 ts_ms=3810
TIMING tick=381 ts_start_us=3810000 ts_end_us=3810010 exec_us=10 slack_us=9990 overrun=false
TICK tick=382 ts_ms=3820
TIMING tick=382 ts_start_us=3820000 ts_end_us=3820010 exec_us=10 slack_us=9990 overrun=false
TICK tick=383 ts_ms=3830
TIMING tick=383 ts_start_us=3830000 ts_end_us=3830010 exec_us=10 slack_us=9990 overrun=false
TICK tick=384 ts_ms=3840
TIMING tick=384 ts_start_us=3840000 ts_end_us=3840010 exec_us=10 slack_us=9990 overrun=false
TICK tick=385 ts_ms=3850
TIMING tick=385 ts_start_us=3850000 ts_end_us=3850010 exec_us=10 slack_us=9990 overrun=false
TICK tick=386 ts_ms=3860
TIMING tick=386 ts_start_us=3860000 ts_end_us=3860010 exec_us=10 slack_us=9990 overrun=false
TICK tick=387 ts_ms=3870
TIMING tick=387 ts_start_us=3870000 ts_end_us=3870010 exec_us=10 slack_us=9990 overrun=false
TICK tick=388 ts_ms=3880
TIMING tick=388 ts_start_us=3880000 ts_end_us=3880010 exec_us=10 slack_us=9990 overrun=false
TICK tick=389 ts_ms=3890
TIMING tick=389 ts_start_us=3890000 ts_end_us=3890010 exec_us=10 slack_us=9990 overrun=false
TICK tick=390 ts_ms=3900
TIMING tick=390 ts_start_us=3900000 ts_end_us=3900010 exec_us=10 slack_us=9990 overrun=false
TICK tick=391 ts_ms=3910
TIMING tick=391 ts_start_us=3910000 ts_end_us=3910010 exec_us=10 slack_us=9990 overrun=false
TICK tick=392 ts_ms=3920
TIMING tick=392 ts_start_us=3920000 ts_end_us=3920010 exec_us=10 slack_us=9990 overrun=false
TICK tick=393 ts_ms=3930
TIMING tick=393 ts_start_us=3930000 ts_end_us=3930010 exec_us=10 slack_us=9990 overrun=false
TICK tick=394 ts_ms=3940
TIMING tick=394 ts_start_us=3940000 ts_end_us=3940010 exec_us=10 slack_us=9990 overrun=false
TICK tick=395 ts_ms=3950
TIMING tick=395 ts_start_us=3950000 ts_end_us=3950010 exec_us=10 slack_us=9990 overrun=false
TICK tick=396 ts_ms=3960
TIMING tick=396 ts_start_us=3960000 ts_end_us=3960010 exec_us=10 slack_us=9990 overrun=false
TICK tick=397 ts_ms=3970
TIMING tick=397 ts_start_us=3970000 ts_end_us=3970010 exec_us=10 slack_us=9990 overrun=false
TICK tick=398 ts_ms=3980
TIMING tick=398 ts_start_us=3980000 ts_end_us=3980010 exec_us=10 slack_us=9990 overrun=false
TICK tick=399 ts_ms=3990
TIMING tick=399 ts_start_us=3990000 ts_end_us=3990010 exec_us=10 slack_us=9990 overrun=false
TICK tick=400 ts_ms=4000
TIMING tick=400 ts_start_us=4000000 ts_end_us=4000010 exec_us=10 slack_us=9990 overrun=false
TICK tick=401 ts_ms=4010
TIMING tick=401 ts_start_us=4010000 ts_end_us=4010010 exec_us=10 slack_us=9990 overrun=false
TICK tick=402 ts_ms=4020
TIMING tick=402 ts_start_us=4020000 ts_end_us=4020010 exec_us=10 slack_us=9990 overrun=false
TICK tick=403 ts_ms=4030
TIMING tick=403 ts_start_us=4030000 ts_end_us=4030010 exec_us=10 slack_us=9990 overrun=false
TICK tick=404 ts_ms=4040
TIMING tick=404 ts_start_us=4040000 ts_end_us=4040010 exec_us=10 slack_us=9990 overrun=false
TICK tick=405 ts_ms=4050
TIMING tick=405 ts_start_us=4050000 ts_end_us=4050010 exec_us=10 slack_us=9990 overrun=false
TICK tick=406 ts_ms=4060
TIMING tick=406 ts_start_us=4060000 ts_end_us=4060010 exec_us=10 slack_us=9990 overrun=false
TICK tick=407 ts_ms=4070
TIMING tick=407 ts_start_us=4070000 ts_end_us=4070010 exec_us=10 slack_us=9990 overrun=false
TICK tick=408 ts_ms=4080
TIMING tick=408 ts_start_us=4080000 ts_end_us=4080010 exec_us=10 slack_us=9990 overrun=false
TICK tick=409 ts_ms=4090
TIMING tick=409 ts_start_us=4090000 ts_end_us=4090010 exec_us=10 slack_us=9990 overrun=false
TICK tick=410 ts_ms=4100
TIMING tick=410 ts_start_us=4100000 ts_end_us=4100010 exec_us=10 slack_us=9990 overrun=false
TICK tick=411 ts_ms=4110
TIMING tick=411 ts_start_us=4110000 ts_end_us=4110010 exec_us=10 slack_us=9990 overrun=false
TICK tick=412 ts_ms=4120
TIMING tick=412 ts_start_us=4120000 ts_end_us=4120010 exec_us=10 slack_us=9990 overrun=false
TICK tick=413 ts_ms=4130
TIMING tick=413 ts_start_us=4130000 ts_end_us=4130010 exec_us=10 slack_us=9990 overrun=false
TICK tick=414 ts_ms=4140
TIMING tick=414 ts_start_us=4140000 ts_end_us=4140010 exec_us=10 slack_us=9990 overrun=false
TICK tick=415 ts_ms=4150
TIMING tick=415 ts_start_us=4150000 ts_end_us=4150010 exec_us=10 slack_us=9990 overrun=false
TICK tick=416 ts_ms=4160
TIMING tick=416 ts_start_us=4160000 ts_end_us=4160010 exec_us=10 slack_us=9990 overrun=false
TICK tick=417 ts_ms=4170
TIMING tick=417 ts_start_us=4170000 ts_end_us=4170010 exec_us=10 slack_us=9990 overrun=false
TICK tick=418 ts_ms=4180
TIMING tick=418 ts_start_us=4180000 ts_end_us=4180010 exec_us=10 slack_us=9990 overrun=false
TICK tick=419 ts_ms=4190
TIMING tick=419 ts_start_us=4190000 ts_end_us=4190010 exec_us=10 slack_us=9990 overrun=false
TICK tick=420 ts_ms=4200
TIMING tick=420 ts_start_us=4200000 ts_end_us=4200010 exec_us=10 slack_us=9990 overrun=false
TICK tick=421 ts_ms=4210
TIMING tick=421 ts_start_us=4210000 ts_end_us=4210010 exec_us=10 slack_us=9990 overrun=false
TICK tick=422 ts_ms=4220
TIMING tick=422 ts_start_us=4220000 ts_end_us=4220010 exec_us=10 slack_us=9990 overrun=false
TICK tick=423 ts_ms=4230
TIMING tick=423 ts_start_us=4230000 ts_end_us=4230010 exec_us=10 slack_us=9990 overrun=false
TICK tick=424 ts_ms=4240
TIMING tick=424 ts_start_us=4240000 ts_end_us=4240010 exec_us=10 slack_us=9990 overrun=false
TICK tick=425 ts_ms=4250
TIMING tick=425 ts_start_us=4250000 ts_end_us=4250010 exec_us=10 slack_us=9990 overrun=false
TICK tick=426 ts_ms=4260
TIMING tick=426 ts_start_us=4260000 ts_end_us=4260010 exec_us=10 slack_us=9990 overrun=false
TICK tick=427 ts_ms=4270
TIMING tick=427 ts_start_us=4270000 ts_end_us=4270010 exec_us=10 slack_us=9990 overrun=false
TICK tick=428 ts_ms=4280
TIMING tick=428 ts_start_us=4280000 ts_end_us=4280010 exec_us=10 slack_us=9990 overrun=false
TICK tick=429 ts_ms=4290
TIMING tick=429 ts_start_us=4290000 ts_end_us=4290010 exec_us=10 slack_us=9990 overrun=false
TICK tick=430 ts_ms=4300
TIMING tick=430 ts_start_us=4300000 ts_end_us=4300010 exec_us=10 slack_us=9990 overrun=false
TICK tick=431 ts_ms=4310
TIMING tick=431 ts_start_us=4310000 ts_end_us=4310010 exec_us=10 slack_us=9990 overrun=false
TICK tick=432 ts_ms=4320
TIMING tick=432 ts_start_us=4320000 ts_end_us=4320010 exec_us=10 slack_us=9990 overrun=false
TICK tick=433 ts_ms=4330
TIMING tick=433 ts_start_us=4330000 ts_end_us=4330010 exec_us=10 slack_us=9990 overrun=false
TICK tick=434 ts_ms=4340
TIMING tick=434 ts_start_us=4340000 ts_end_us=4340010 exec_us=10 slack_us=9990 overrun=false
TICK tick=435 ts_ms=4350
TIMING tick=435 ts_start_us=4350000 ts_end_us=4350010 exec_us=10 slack_us=9990 overrun=false
TICK tick=436 ts_ms=4360
TIMING tick=436 ts_start_us=4360000 ts_end_us=4360010 exec_us=10 slack_us=9990 overrun=false
TICK tick=437 ts_ms=4370
TIMING tick=437 ts_start_us=4370000 ts_end_us=4370010 exec_us=10 slack_us=9990 overrun=false
TICK tick=438 ts_ms=4380
TIMING tick=438 ts_start_us=4380000 ts_end_us=4380010 exec_us=10 slack_us=9990 overrun=false
TICK tick=439 ts_ms=4390
TIMING tick=439 ts_start_us=4390000 ts_end_us=4390010 exec_us=10 slack_us=9990 overrun=false
TICK tick=440 ts_ms=4400
TIMING tick=440 ts_start_us=4400000 ts_end_us=4400010 exec_us=10 slack_us=9990 overrun=false
TICK tick=441 ts_ms=4410
TIMING tick=441 ts_start_us=4410000 ts_end_us=4410010 exec_us=10 slack_us=9990 overrun=false
TICK tick=442 ts_ms=4420
TIMING tick=442 ts_start_us=4420000 ts_end_us=4420010 exec_us=10 slack_us=9990 overrun=false
TICK tick=443 ts_ms=4430
TIMING tick=443 ts_start_us=4430000 ts_end_us=4430010 exec_us=10 slack_us=9990 overrun=false
TICK tick=444 ts_ms=4440
TIMING tick=444 ts_start_us=4440000 ts_end_us=4440010 exec_us=10 slack_us=9990 overrun=false
TICK tick=445 ts_ms=4450
TIMING tick=445 ts_start_us=4450000 ts_end_us=4450010 exec_us=10 slack_us=9990 overrun=false
TICK tick=446 ts_ms=4460
TIMING tick=446 ts_start_us=4460000 ts_end_us=4460010 exec_us=10 slack_us=9990 overrun=false
TICK tick=447 ts_ms=4470
TIMING tick=447 ts_start_us=4470000 ts_end_us=4470010 exec_us=10 slack_us=9990 overrun=false
TICK tick=448 ts_ms=4480
TIMING tick=448 ts_start_us=4480000 ts_end_us=4480010 exec_us=10 slack_us=9990 overrun=false
TICK tick=449 ts_ms=4490
TIMING tick=449 ts_start_us=4490000 ts_end_us=4490010 exec_us=10 slack_us=9990 overrun=false
TICK tick=450 ts_ms=4500
TIMING tick=450 ts_start_us=4500000 ts_end_us=4500010 exec_us=10 slack_us=9990 overrun=false
TICK tick=451 ts_ms=4510
TIMING tick=451 ts_start_us=4510000 ts_end_us=4510010 exec_us=10 slack_us=9990 overrun=false
TICK tick=452 ts_ms=4520
TIMING tick=452 ts_start_us=4520000 ts_end_us=4520010 exec_us=10 slack_us=9990 overrun=false
TICK tick=453 ts_ms=4530
TIMING tick=453 ts_start_us=4530000 ts_end_us=4530010 exec_us=10 slack_us=9990 overrun=false
TICK tick=454 ts_ms=4540
TIMING tick=454 ts_start_us=4540000 ts_end_us=4540010 exec_us=10 slack_us=9990 overrun=false
TICK tick=455 ts_ms=4550
TIMING tick=455 ts_start_us=4550000 ts_end_us=4550010 exec_us=10 slack_us=9990 overrun=false
TICK tick=456 ts_ms=4560
TIMING tick=456 ts_start_us=4560000 ts_end_us=4560010 exec_us=10 slack_us=9990 overrun=false
TICK tick=457 ts_ms=4570
TIMING tick=457 ts_start_us=4570000 ts_end_us=4570010 exec_us=10 slack_us=9990 overrun=false
TICK tick=458 ts_ms=4580
TIMING tick=458 ts_start_us=4580000 ts_end_us=4580010 exec_us=10 slack_us=9990 overrun=false
TICK tick=459 ts_ms=4590
TIMING tick=459 ts_start_us=4590000 ts_end_us=4590010 exec_us=10 slack_us=9990 overrun=false
TICK tick=460 ts_ms=4600
TIMING tick=460 ts_start_us=4600000 ts_end_us=4600010 exec_us=10 slack_us=9990 overrun=false
TICK tick=461 ts_ms=4610
TIMING tick=461 ts_start_us=4610000 ts_end_us=4610010 exec_us=10 slack_us=9990 overrun=false
TICK tick=462 ts_ms=4620
TIMING tick=462 ts_start_us=4620000 ts_end_us=4620010 exec_us=10 slack_us=9990 overrun=false
TICK tick=463 ts_ms=4630
TIMING tick=463 ts_start_us=4630000 ts_end_us=4630010 exec_us=10 slack_us=9990 overrun=false
TICK tick=464 ts_ms=4640
TIMING tick=464 ts_start_us=4640000 ts_end_us=4640010 exec_us=10 slack_us=9990 overrun=false
TICK tick=465 ts_ms=4650
TIMING tick=465 ts_start_us=4650000 ts_end_us=4650010 exec_us=10 slack_us=9990 overrun=false
TICK tick=466 ts_ms=4660
TIMING tick=466 ts_start_us=4660000 ts_end_us=4660010 exec_us=10 slack_us=9990 overrun=false
TICK tick=467 ts_ms=4670
TIMING tick=467 ts_start_us=4670000 ts_end_us=4670010 exec_us=10 slack_us=9990 overrun=false
TICK tick=468 ts_ms=4680
TIMING tick=468 ts_start_us=4680000 ts_end_us=4680010 exec_us=10 slack_us=9990 overrun=false
TICK tick=469 ts_ms=4690
TIMING tick=469 ts_start_us=4690000 ts_end_us=4690010 exec_us=10 slack_us=9990 overrun=false
TICK tick=470 ts_ms=4700
TIMING tick=470 ts_start_us=4700000 ts_end_us=4700010 exec_us=10 slack_us=9990 overrun=false
TICK tick=471 ts_ms=4710
TIMING tick=471 ts_start_us=4710000 ts_end_us=4710010 exec_us=10 slack_us=9990 overrun=false
TICK tick=472 ts_ms=4720
TIMING tick=472 ts_start_us=4720000 ts_end_us=4720010 exec_us=10 slack_us=9990 overrun=false
TICK tick=473 ts_ms=4730
TIMING tick=473 ts_start_us=4730000 ts_end_us=4730010 exec_us=10 slack_us=9990 overrun=false
TICK tick=474 ts_ms=4740
TIMING tick=474 ts_start_us=4740000 ts_end_us=4740010 exec_us=10 slack_us=9990 overrun=false
TICK tick=475 ts_ms=4750
TIMING tick=475 ts_start_us=4750000 ts_end_us=4750010 exec_us=10 slack_us=9990 overrun=false
TICK tick=476 ts_ms=4760
TIMING tick=476 ts_start_us=4760000 ts_end_us=4760010 exec_us=10 slack_us=9990 overrun=false
TICK tick=477 ts_ms=4770
TIMING tick=477 ts_start_us=4770000 ts_end_us=4770010 exec_us=10 slack_us=9990 overrun=false
TICK tick=478 ts_ms=4780
TIMING tick=478 ts_start_us=4780000 ts_end_us=4780010 exec_us=10 slack_us=9990 overrun=false
TICK tick=479 ts_ms=4790
TIMING tick=479 ts_start_us=4790000 ts_end_us=4790010 exec_us=10 slack_us=9990 overrun=false
TICK tick=480 ts_ms=4800
TIMING tick=480 ts_start_us=4800000 ts_end_us=4800010 exec_us=10 slack_us=9990 overrun=false
TICK tick=481 ts_ms=4810
TIMING tick=481 ts_start_us=4810000 ts_end_us=4810010 exec_us=10 slack_us=9990 overrun=false
TICK tick=482 ts_ms=4820
TIMING tick=482 ts_start_us=4820000 ts_end_us=4820010 exec_us=10 slack_us=9990 overrun=false
TICK tick=483 ts_ms=4830
TIMING tick=483 ts_start_us=4830000 ts_end_us=4830010 exec_us=10 slack_us=9990 overrun=false
TICK tick=484 ts_ms=4840
TIMING tick=484 ts_start_us=4840000 ts_end_us=4840010 exec_us=10 slack_us=9990 overrun=false
TICK tick=485 ts_ms=4850
TIMING tick=485 ts_start_us=4850000 ts_end_us=4850010 exec_us=10 slack_us=9990 overrun=false
TICK tick=486 ts_ms=4860
TIMING tick=486 ts_start_us=4860000 ts_end_us=4860010 exec_us=10 slack_us=9990 overrun=false
TICK tick=487 ts_ms=4870
TIMING tick=487 ts_start_us=4870000 ts_end_us=4870010 exec_us=10 slack_us=9990 overrun=false
TICK tick=488 ts_ms=4880
TIMING tick=488 ts_start_us=4880000 ts_end_us=4880010 exec_us=10 slack_us=9990 overrun=false
TICK tick=489 ts_ms=4890
TIMING tick=489 ts_start_us=4890000 ts_end_us=4890010 exec_us=10 slack_us=9990 overrun=false
TICK tick=490 ts_ms=4900
TIMING tick=490 ts_start_us=4900000 ts_end_us=4900010 exec_us=10 slack_us=9990 overrun=false
TICK tick=491 ts_ms=4910
TIMING tick=491 ts_start_us=4910000 ts_end_us=4910010 exec_us=10 slack_us=9990 overrun=false
TICK tick=492 ts_ms=4920
TIMING tick=492 ts_start_us=4920000 ts_end_us=4920010 exec_us=10 slack_us=9990 overrun=false
TICK tick=493 ts_ms=4930
TIMING tick=493 ts_start_us=4930000 ts_end_us=4930010 exec_us=10 slack_us=9990 overrun=false
TICK tick=494 ts_ms=4940
TIMING tick=494 ts_start_us=4940000 ts_end_us=4940010 exec_us=10 slack_us=9990 overrun=false
TICK tick=495 ts_ms=4950
TIMING tick=495 ts_start_us=4950000 ts_end_us=4950010 exec_us=10 slack_us=9990 overrun=false
TICK tick=496 ts_ms=4960
TIMING tick=496 ts_start_us=4960000 ts_end_us=4960010 exec_us=10 slack_us=9990 overrun=false
TICK tick=497 ts_ms=4970
TIMING tick=497 ts_start_us=4970000 ts_end_us=4970010 exec_us=10 slack_us=9990 overrun=false
TICK tick=498 ts_ms=4980
TIMING tick=498 ts_start_us=4980000 ts_end_us=4980010 exec_us=10 slack_us=9990 overrun=false
TICK tick=499 ts_ms=4990
TIMING tick=499 ts_start_us=4990000 ts_end_us=4990010 exec_us=10 slack_us=9990 overrun=false
TICK tick=500 ts_ms=5000
TIMING tick=500 ts_start_us=5000000 ts_end_us=5000010 exec_us=10 slack_us=9990 overrun=false
TICK tick=501 ts_ms=5010
TIMING tick=501 ts_start_us=5010000 ts_end_us=5010010 exec_us=10 slack_us=9990 overrun=false
TICK tick=502 ts_ms=5020
TIMING tick=502 ts_start_us=5020000 ts_end_us=5020010 exec_us=10 slack_us=9990 overrun=false
TICK tick=503 ts_ms=5030
TIMING tick=503 ts_start_us=5030000 ts_end_us=5030010 exec_us=10 slack_us=9990 overrun=false
TICK tick=504 ts_ms=5040
TIMING tick=504 ts_start_us=5040000 ts_end_us=5040010 exec_us=10 slack_us=9990 overrun=false
TICK tick=505 ts_ms=5050
TIMING tick=505 ts_start_us=5050000 ts_end_us=5050010 exec_us=10 slack_us=9990 overrun=false
TICK tick=506 ts_ms=5060
TIMING tick=506 ts_start_us=5060000 ts_end_us=5060010 exec_us=10 slack_us=9990 overrun=false
TICK tick=507 ts_ms=5070
TIMING tick=507 ts_start_us=5070000 ts_end_us=5070010 exec_us=10 slack_us=9990 overrun=false
TICK tick=508 ts_ms=5080
TIMING tick=508 ts_start_us=5080000 ts_end_us=5080010 exec_us=10 slack_us=9990 overrun=false
TICK tick=509 ts_ms=5090
TIMING tick=509 ts_start_us=5090000 ts_end_us=5090010 exec_us=10 slack_us=9990 overrun=false
TICK tick=510 ts_ms=5100
TIMING tick=510 ts_start_us=5100000 ts_end_us=5100010 exec_us=10 slack_us=9990 overrun=false
TICK tick=511 ts_ms=5110
TIMING tick=511 ts_start_us=5110000 ts_end_us=5110010 exec_us=10 slack_us=9990 overrun=false
TICK tick=512 ts_ms=5120
TIMING tick=512 ts_start_us=5120000 ts_end_us=5120010 exec_us=10 slack_us=9990 overrun=false
TICK tick=513 ts_ms=5130
TIMING tick=513 ts_start_us=5130000 ts_end_us=5130010 exec_us=10 slack_us=9990 overrun=false
TICK tick=514 ts_ms=5140
TIMING tick=514 ts_start_us=5140000 ts_end_us=5140010 exec_us=10 slack_us=9990 overrun=false
TICK tick=515 ts_ms=5150
TIMING tick=515 ts_start_us=5150000 ts_end_us=5150010 exec_us=10 slack_us=9990 overrun=false
TICK tick=516 ts_ms=5160
TIMING tick=516 ts_start_us=5160000 ts_end_us=5160010 exec_us=10 slack_us=9990 overrun=false
TICK tick=517 ts_ms=5170
TIMING tick=517 ts_start_us=5170000 ts_end_us=5170010 exec_us=10 slack_us=9990 overrun=false
TICK tick=518 ts_ms=5180
TIMING tick=518 ts_start_us=5180000 ts_end_us=5180010 exec_us=10 slack_us=9990 overrun=false
TICK tick=519 ts_ms=5190
TIMING tick=519 ts_start_us=5190000 ts_end_us=5190010 exec_us=10 slack_us=9990 overrun=false
TICK tick=520 ts_ms=5200
TIMING tick=520 ts_start_us=5200000 ts_end_us=5200010 exec_us=10 slack_us=9990 overrun=false
TICK tick=521 ts_ms=5210
TIMING tick=521 ts_start_us=5210000 ts_end_us=5210010 exec_us=10 slack_us=9990 overrun=false
TICK tick=522 ts_ms=5220
TIMING tick=522 ts_start_us=5220000 ts_end_us=5220010 exec_us=10 slack_us=9990 overrun=false
TICK tick=523 ts_ms=5230
TIMING tick=523 ts_start_us=5230000 ts_end_us=5230010 exec_us=10 slack_us=9990 overrun=false
TICK tick=524 ts_ms=5240
TIMING tick=524 ts_start_us=5240000 ts_end_us=5240010 exec_us=10 slack_us=9990 overrun=false
TICK tick=525 ts_ms=5250
TIMING tick=525 ts_start_us=5250000 ts_end_us=5250010 exec_us=10 slack_us=9990 overrun=false
TICK tick=526 ts_ms=5260
TIMING tick=526 ts_start_us=5260000 ts_end_us=5260010 exec_us=10 slack_us=9990 overrun=false
TICK tick=527 ts_ms=5270
TIMING tick=527 ts_start_us=5270000 ts_end_us=5270010 exec_us=10 slack_us=9990 overrun=false
TICK tick=528 ts_ms=5280
TIMING tick=528 ts_start_us=5280000 ts_end_us=5280010 exec_us=10 slack_us=9990 overrun=false
TICK tick=529 ts_ms=5290
TIMING tick=529 ts_start_us=5290000 ts_end_us=5290010 exec_us=10 slack_us=9990 overrun=false
TICK tick=530 ts_ms=5300
TIMING tick=530 ts_start_us=5300000 ts_end_us=5300010 exec_us=10 slack_us=9990 overrun=false
TICK tick=531 ts_ms=5310
TIMING tick=531 ts_start_us=5310000 ts_end_us=5310010 exec_us=10 slack_us=9990 overrun=false
TICK tick=532 ts_ms=5320
TIMING tick=532 ts_start_us=5320000 ts_end_us=5320010 exec_us=10 slack_us=9990 overrun=false
TICK tick=533 ts_ms=5330
TIMING tick=533 ts_start_us=5330000 ts_end_us=5330010 exec_us=10 slack_us=9990 overrun=false
TICK tick=534 ts_ms=5340
TIMING tick=534 ts_start_us=5340000 ts_end_us=5340010 exec_us=10 slack_us=9990 overrun=false
TICK tick=535 ts_ms=5350
TIMING tick=535 ts_start_us=5350000 ts_end_us=5350010 exec_us=10 slack_us=9990 overrun=false
TICK tick=536 ts_ms=5360
TIMING tick=536 ts_start_us=5360000 ts_end_us=5360010 exec_us=10 slack_us=9990 overrun=false
TICK tick=537 ts_ms=5370
TIMING tick=537 ts_start_us=5370000 ts_end_us=5370010 exec_us=10 slack_us=9990 overrun=false
TICK tick=538 ts_ms=5380
TIMING tick=538 ts_start_us=5380000 ts_end_us=5380010 exec_us=10 slack_us=9990 overrun=false
TICK tick=539 ts_ms=5390
TIMING tick=539 ts_start_us=5390000 ts_end_us=5390010 exec_us=10 slack_us=9990 overrun=false
TICK tick=540 ts_ms=5400
TIMING tick=540 ts_start_us=5400000 ts_end_us=5400010 exec_us=10 slack_us=9990 overrun=false
TICK tick=541 ts_ms=5410
TIMING tick=541 ts_start_us=5410000 ts_end_us=5410010 exec_us=10 slack_us=9990 overrun=false
TICK tick=542 ts_ms=5420
TIMING tick=542 ts_start_us=5420000 ts_end_us=5420010 exec_us=10 slack_us=9990 overrun=false
TICK tick=543 ts_ms=5430
TIMING tick=543 ts_start_us=5430000 ts_end_us=5430010 exec_us=10 slack_us=9990 overrun=false
TICK tick=544 ts_ms=5440
TIMING tick=544 ts_start_us=5440000 ts_end_us=5440010 exec_us=10 slack_us=9990 overrun=false
TICK tick=545 ts_ms=5450
TIMING tick=545 ts_start_us=5450000 ts_end_us=5450010 exec_us=10 slack_us=9990 overrun=false
TICK tick=546 ts_ms=5460
TIMING tick=546 ts_start_us=5460000 ts_end_us=5460010 exec_us=10 slack_us=9990 overrun=false
TICK tick=547 ts_ms=5470
TIMING tick=547 ts_start_us=5470000 ts_end_us=5470010 exec_us=10 slack_us=9990 overrun=false
TICK tick=548 ts_ms=5480
TIMING tick=548 ts_start_us=5480000 ts_end_us=5480010 exec_us=10 slack_us=9990 overrun=false
TICK tick=549 ts_ms=5490
TIMING tick=549 ts_start_us=5490000 ts_end_us=5490010 exec_us=10 slack_us=9990 overrun=false
TICK tick=550 ts_ms=5500
TIMING tick=550 ts_start_us=5500000 ts_end_us=5500010 exec_us=10 slack_us=9990 overrun=false
TICK tick=551 ts_ms=5510
TIMING tick=551 ts_start_us=5510000 ts_end_us=5510010 exec_us=10 slack_us=9990 overrun=false
TICK tick=552 ts_ms=5520
TIMING tick=552 ts_start_us=5520000 ts_end_us=5520010 exec_us=10 slack_us=9990 overrun=false
TICK tick=553 ts_ms=5530
TIMING tick=553 ts_start_us=5530000 ts_end_us=5530010 exec_us=10 slack_us=9990 overrun=false
TICK tick=554 ts_ms=5540
TIMING tick=554 ts_start_us=5540000 ts_end_us=5540010 exec_us=10 slack_us=9990 overrun=false
TICK tick=555 ts_ms=5550
TIMING tick=555 ts_start_us=5550000 ts_end_us=5550010 exec_us=10 slack_us=9990 overrun=false
TICK tick=556 ts_ms=5560
TIMING tick=556 ts_start_us=5560000 ts_end_us=5560010 exec_us=10 slack_us=9990 overrun=false
TICK tick=557 ts_ms=5570
TIMING tick=557 ts_start_us=5570000 ts_end_us=5570010 exec_us=10 slack_us=9990 overrun=false
TICK tick=558 ts_ms=5580
TIMING tick=558 ts_start_us=5580000 ts_end_us=5580010 exec_us=10 slack_us=9990 overrun=false
TICK tick=559 ts_ms=5590
TIMING tick=559 ts_start_us=5590000 ts_end_us=5590010 exec_us=10 slack_us=9990 overrun=false
TICK tick=560 ts_ms=5600
TIMING tick=560 ts_start_us=5600000 ts_end_us=5600010 exec_us=10 slack_us=9990 overrun=false
TICK tick=561 ts_ms=5610
TIMING tick=561 ts_start_us=5610000 ts_end_us=5610010 exec_us=10 slack_us=9990 overrun=false
TICK tick=562 ts_ms=5620
TIMING tick=562 ts_start_us=5620000 ts_end_us=5620010 exec_us=10 slack_us=9990 overrun=false
TICK tick=563 ts_ms=5630
TIMING tick=563 ts_start_us=5630000 ts_end_us=5630010 exec_us=10 slack_us=9990 overrun=false
TICK tick=564 ts_ms=5640
TIMING tick=564 ts_start_us=5640000 ts_end_us=5640010 exec_us=10 slack_us=9990 overrun=false
TICK tick=565 ts_ms=5650
TIMING tick=565 ts_start_us=5650000 ts_end_us=5650010 exec_us=10 slack_us=9990 overrun=false
TICK tick=566 ts_ms=5660
TIMING tick=566 ts_start_us=5660000 ts_end_us=5660010 exec_us=10 slack_us=9990 overrun=false
TICK tick=567 ts_ms=5670
TIMING tick=567 ts_start_us=5670000 ts_end_us=5670010 exec_us=10 slack_us=9990 overrun=false
TICK tick=568 ts_ms=5680
TIMING tick=568 ts_start_us=5680000 ts_end_us=5680010 exec_us=10 slack_us=9990 overrun=false
TICK tick=569 ts_ms=5690
TIMING tick=569 ts_start_us=5690000 ts_end_us=5690010 exec_us=10 slack_us=9990 overrun=false
TICK tick=570 ts_ms=5700
TIMING tick=570 ts_start_us=5700000 ts_end_us=5700010 exec_us=10 slack_us=9990 overrun=false
TICK tick=571 ts_ms=5710
TIMING tick=571 ts_start_us=5710000 ts_end_us=5710010 exec_us=10 slack_us=9990 overrun=false
TICK tick=572 ts_ms=5720
TIMING tick=572 ts_start_us=5720000 ts_end_us=5720010 exec_us=10 slack_us=9990 overrun=false
TICK tick=573 ts_ms=5730
TIMING tick=573 ts_start_us=5730000 ts_end_us=5730010 exec_us=10 slack_us=9990 overrun=false
TICK tick=574 ts_ms=5740
TIMING tick=574 ts_start_us=5740000 ts_end_us=5740010 exec_us=10 slack_us=9990 overrun=false
TICK tick=575 ts_ms=5750
TIMING tick=575 ts_start_us=5750000 ts_end_us=5750010 exec_us=10 slack_us=9990 overrun=false
TICK tick=576 ts_ms=5760
TIMING tick=576 ts_start_us=5760000 ts_end_us=5760010 exec_us=10 slack_us=9990 overrun=false
TICK tick=577 ts_ms=5770
TIMING tick=577 ts_start_us=5770000 ts_end_us=5770010 exec_us=10 slack_us=9990 overrun=false
TICK tick=578 ts_ms=5780
TIMING tick=578 ts_start_us=5780000 ts_end_us=5780010 exec_us=10 slack_us=9990 overrun=false
TICK tick=579 ts_ms=5790
TIMING tick=579 ts_start_us=5790000 ts_end_us=5790010 exec_us=10 slack_us=9990 overrun=false
TICK tick=580 ts_ms=5800
TIMING tick=580 ts_start_us=5800000 ts_end_us=5800010 exec_us=10 slack_us=9990 overrun=false
TICK tick=581 ts_ms=5810
TIMING tick=581 ts_start_us=5810000 ts_end_us=5810010 exec_us=10 slack_us=9990 overrun=false
TICK tick=582 ts_ms=5820
TIMING tick=582 ts_start_us=5820000 ts_end_us=5820010 exec_us=10 slack_us=9990 overrun=false
TICK tick=583 ts_ms=5830
TIMING tick=583 ts_start_us=5830000 ts_end_us=5830010 exec_us=10 slack_us=9990 overrun=false
TICK tick=584 ts_ms=5840
TIMING tick=584 ts_start_us=5840000 ts_end_us=5840010 exec_us=10 slack_us=9990 overrun=false
TICK tick=585 ts_ms=5850
TIMING tick=585 ts_start_us=5850000 ts_end_us=5850010 exec_us=10 slack_us=9990 overrun=false
TICK tick=586 ts_ms=5860
TIMING tick=586 ts_start_us=5860000 ts_end_us=5860010 exec_us=10 slack_us=9990 overrun=false
TICK tick=587 ts_ms=5870
TIMING tick=587 ts_start_us=5870000 ts_end_us=5870010 exec_us=10 slack_us=9990 overrun=false
TICK tick=588 ts_ms=5880
TIMING tick=588 ts_start_us=5880000 ts_end_us=5880010 exec_us=10 slack_us=9990 overrun=false
TICK tick=589 ts_ms=5890
TIMING tick=589 ts_start_us=5890000 ts_end_us=5890010 exec_us=10 slack_us=9990 overrun=false
TICK tick=590 ts_ms=5900
TIMING tick=590 ts_start_us=5900000 ts_end_us=5900010 exec_us=10 slack_us=9990 overrun=false
TICK tick=591 ts_ms=5910
TIMING tick=591 ts_start_us=5910000 ts_end_us=5910010 exec_us=10 slack_us=9990 overrun=false
TICK tick=592 ts_ms=5920
TIMING tick=592 ts_start_us=5920000 ts_end_us=5920010 exec_us=10 slack_us=9990 overrun=false
TICK tick=593 ts_ms=5930
TIMING tick=593 ts_start_us=5930000 ts_end_us=5930010 exec_us=10 slack_us=9990 overrun=false
TICK tick=594 ts_ms=5940
TIMING tick=594 ts_start_us=5940000 ts_end_us=5940010 exec_us=10 slack_us=9990 overrun=false
TICK tick=595 ts_ms=5950
TIMING tick=595 ts_start_us=5950000 ts_end_us=5950010 exec_us=10 slack_us=9990 overrun=false
TICK tick=596 ts_ms=5960
TIMING tick=596 ts_start_us=5960000 ts_end_us=5960010 exec_us=10 slack_us=9990 overrun=false
TICK tick=597 ts_ms=5970
TIMING tick=597 ts_start_us=5970000 ts_end_us=5970010 exec_us=10 slack_us=9990 overrun=false
TICK tick=598 ts_ms=5980
TIMING tick=598 ts_start_us=5980000 ts_end_us=5980010 exec_us=10 slack_us=9990 overrun=false
TICK tick=599 ts_ms=5990
TIMING tick=599 ts_start_us=5990000 ts_end_us=5990010 exec_us=10 slack_us=9990 overrun=false
TICK tick=600 ts_ms=6000
TRACE tick=600 task=1 from=0 to=1 reason=wait_satisfied ts_ms=6000
TRACE tick=600 task=1 from=1 to=2 reason=action ts_ms=6000
TRACE tick=600 task=1 from=2 to=3 reason=timeout ts_ms=6000
TRACE tick=600 task=1 from=3 to=4 reason=timeout ts_ms=6000
TRACE tick=600 task=1 from=4 to=5 reason=timeout ts_ms=6000
TRACE tick=600 task=1 from=5 to=6 reason=wait_satisfied ts_ms=6000
TRACE tick=600 task=1 from=6 to=7 reason=wait_satisfied ts_ms=6000
TRACE tick=600 task=1 from=7 to=8 reason=wait_satisfied ts_ms=6000
TRACE tick=600 task=1 from=8 to=9 reason=wait_satisfied ts_ms=6000
TRACE tick=600 task=1 from=9 to=10 reason=action ts_ms=6000
LOG tick=600 task=1 step=10 msg_id=43101 msg=cycle accepted ts_ms=6000
TRACE tick=600 task=1 from=10 to=0 reason=action ts_ms=6000
TRACE tick=600 task=2 from=0 to=1 reason=wait_satisfied ts_ms=6000
TRACE tick=600 task=2 from=1 to=2 reason=action ts_ms=6000
TRACE tick=600 task=2 from=2 to=3 reason=action ts_ms=6000
TRACE tick=600 task=2 from=3 to=4 reason=action ts_ms=6000
TRACE tick=600 task=2 from=4 to=5 reason=action ts_ms=6000
TRACE tick=600 task=3 from=0 to=1 reason=wait_satisfied ts_ms=6000
TRACE tick=600 task=5 from=2 to=3 reason=wait_satisfied ts_ms=6000
TRACE tick=600 task=5 from=3 to=4 reason=action ts_ms=6000
TIMING tick=600 ts_start_us=6000000 ts_end_us=6000785 exec_us=785 slack_us=9215 overrun=false
TICK tick=601 ts_ms=6010
TIMING tick=601 ts_start_us=6010000 ts_end_us=6010010 exec_us=10 slack_us=9990 overrun=false
TICK tick=602 ts_ms=6020
TIMING tick=602 ts_start_us=6020000 ts_end_us=6020010 exec_us=10 slack_us=9990 overrun=false
TICK tick=603 ts_ms=6030
TIMING tick=603 ts_start_us=6030000 ts_end_us=6030010 exec_us=10 slack_us=9990 overrun=false
TICK tick=604 ts_ms=6040
TRACE tick=604 task=3 from=1 to=2 reason=action ts_ms=6040
TRACE tick=604 task=3 from=2 to=3 reason=action ts_ms=6040
TRACE tick=604 task=4 from=0 to=1 reason=wait_satisfied ts_ms=6040
TIMING tick=604 ts_start_us=6040000 ts_end_us=6040130 exec_us=130 slack_us=9870 overrun=false
TICK tick=605 ts_ms=6050
TIMING tick=605 ts_start_us=6050000 ts_end_us=6050010 exec_us=10 slack_us=9990 overrun=false
TICK tick=606 ts_ms=6060
TIMING tick=606 ts_start_us=6060000 ts_end_us=6060010 exec_us=10 slack_us=9990 overrun=false
TICK tick=607 ts_ms=6070
TIMING tick=607 ts_start_us=6070000 ts_end_us=6070010 exec_us=10 slack_us=9990 overrun=false
TICK tick=608 ts_ms=6080
TRACE tick=608 task=4 from=1 to=2 reason=action ts_ms=6080
TIMING tick=608 ts_start_us=6080000 ts_end_us=6080050 exec_us=50 slack_us=9950 overrun=false
TICK tick=609 ts_ms=6090
TIMING tick=609 ts_start_us=6090000 ts_end_us=6090010 exec_us=10 slack_us=9990 overrun=false
TICK tick=610 ts_ms=6100
TIMING tick=610 ts_start_us=6100000 ts_end_us=6100010 exec_us=10 slack_us=9990 overrun=false
TICK tick=611 ts_ms=6110
TIMING tick=611 ts_start_us=6110000 ts_end_us=6110010 exec_us=10 slack_us=9990 overrun=false
TICK tick=612 ts_ms=6120
TIMING tick=612 ts_start_us=6120000 ts_end_us=6120010 exec_us=10 slack_us=9990 overrun=false
TICK tick=613 ts_ms=6130
TIMING tick=613 ts_start_us=6130000 ts_end_us=6130010 exec_us=10 slack_us=9990 overrun=false
TICK tick=614 ts_ms=6140
TIMING tick=614 ts_start_us=6140000 ts_end_us=6140010 exec_us=10 slack_us=9990 overrun=false
TICK tick=615 ts_ms=6150
TIMING tick=615 ts_start_us=6150000 ts_end_us=6150010 exec_us=10 slack_us=9990 overrun=false
TICK tick=616 ts_ms=6160
TIMING tick=616 ts_start_us=6160000 ts_end_us=6160010 exec_us=10 slack_us=9990 overrun=false
TICK tick=617 ts_ms=6170
TIMING tick=617 ts_start_us=6170000 ts_end_us=6170010 exec_us=10 slack_us=9990 overrun=false
TICK tick=618 ts_ms=6180
TIMING tick=618 ts_start_us=6180000 ts_end_us=6180010 exec_us=10 slack_us=9990 overrun=false
TICK tick=619 ts_ms=6190
TIMING tick=619 ts_start_us=6190000 ts_end_us=6190010 exec_us=10 slack_us=9990 overrun=false
TICK tick=620 ts_ms=6200
TIMING tick=620 ts_start_us=6200000 ts_end_us=6200010 exec_us=10 slack_us=9990 overrun=false
TICK tick=621 ts_ms=6210
TIMING tick=621 ts_start_us=6210000 ts_end_us=6210010 exec_us=10 slack_us=9990 overrun=false
TICK tick=622 ts_ms=6220
TIMING tick=622 ts_start_us=6220000 ts_end_us=6220010 exec_us=10 slack_us=9990 overrun=false
TICK tick=623 ts_ms=6230
TIMING tick=623 ts_start_us=6230000 ts_end_us=6230010 exec_us=10 slack_us=9990 overrun=false
TICK tick=624 ts_ms=6240
TIMING tick=624 ts_start_us=6240000 ts_end_us=6240010 exec_us=10 slack_us=9990 overrun=false
TICK tick=625 ts_ms=6250
TIMING tick=625 ts_start_us=6250000 ts_end_us=6250010 exec_us=10 slack_us=9990 overrun=false
TICK tick=626 ts_ms=6260
TIMING tick=626 ts_start_us=6260000 ts_end_us=6260010 exec_us=10 slack_us=9990 overrun=false
TICK tick=627 ts_ms=6270
TIMING tick=627 ts_start_us=6270000 ts_end_us=6270010 exec_us=10 slack_us=9990 overrun=false
TICK tick=628 ts_ms=6280
TIMING tick=628 ts_start_us=6280000 ts_end_us=6280010 exec_us=10 slack_us=9990 overrun=false
TICK tick=629 ts_ms=6290
TIMING tick=629 ts_start_us=6290000 ts_end_us=6290010 exec_us=10 slack_us=9990 overrun=false
TICK tick=630 ts_ms=6300
TIMING tick=630 ts_start_us=6300000 ts_end_us=6300010 exec_us=10 slack_us=9990 overrun=false
TICK tick=631 ts_ms=6310
TIMING tick=631 ts_start_us=6310000 ts_end_us=6310010 exec_us=10 slack_us=9990 overrun=false
TICK tick=632 ts_ms=6320
TIMING tick=632 ts_start_us=6320000 ts_end_us=6320010 exec_us=10 slack_us=9990 overrun=false
TICK tick=633 ts_ms=6330
TIMING tick=633 ts_start_us=6330000 ts_end_us=6330010 exec_us=10 slack_us=9990 overrun=false
TICK tick=634 ts_ms=6340
TIMING tick=634 ts_start_us=6340000 ts_end_us=6340010 exec_us=10 slack_us=9990 overrun=false
TICK tick=635 ts_ms=6350
TIMING tick=635 ts_start_us=6350000 ts_end_us=6350010 exec_us=10 slack_us=9990 overrun=false
TICK tick=636 ts_ms=6360
TIMING tick=636 ts_start_us=6360000 ts_end_us=6360010 exec_us=10 slack_us=9990 overrun=false
TICK tick=637 ts_ms=6370
TIMING tick=637 ts_start_us=6370000 ts_end_us=6370010 exec_us=10 slack_us=9990 overrun=false
TICK tick=638 ts_ms=6380
TRACE tick=638 task=4 from=2 to=3 reason=delay_elapsed ts_ms=6380
TIMING tick=638 ts_start_us=6380000 ts_end_us=6380050 exec_us=50 slack_us=9950 overrun=false
TICK tick=639 ts_ms=6390
TIMING tick=639 ts_start_us=6390000 ts_end_us=6390010 exec_us=10 slack_us=9990 overrun=false
TICK tick=640 ts_ms=6400
TIMING tick=640 ts_start_us=6400000 ts_end_us=6400010 exec_us=10 slack_us=9990 overrun=false
TICK tick=641 ts_ms=6410
TIMING tick=641 ts_start_us=6410000 ts_end_us=6410010 exec_us=10 slack_us=9990 overrun=false
TICK tick=642 ts_ms=6420
TRACE tick=642 task=4 from=3 to=4 reason=action ts_ms=6420
TRACE tick=642 task=4 from=4 to=5 reason=action ts_ms=6420
TIMING tick=642 ts_start_us=6420000 ts_end_us=6420090 exec_us=90 slack_us=9910 overrun=false
TICK tick=643 ts_ms=6430
TRACE tick=643 task=3 from=3 to=4 reason=wait_satisfied ts_ms=6430
TIMING tick=643 ts_start_us=6430000 ts_end_us=6430050 exec_us=50 slack_us=9950 overrun=false
TICK tick=644 ts_ms=6440
TIMING tick=644 ts_start_us=6440000 ts_end_us=6440010 exec_us=10 slack_us=9990 overrun=false
TICK tick=645 ts_ms=6450
TIMING tick=645 ts_start_us=6450000 ts_end_us=6450010 exec_us=10 slack_us=9990 overrun=false
TICK tick=646 ts_ms=6460
TIMING tick=646 ts_start_us=6460000 ts_end_us=6460010 exec_us=10 slack_us=9990 overrun=false
TICK tick=647 ts_ms=6470
TRACE tick=647 task=3 from=4 to=5 reason=action ts_ms=6470
TRACE tick=647 task=3 from=5 to=6 reason=action ts_ms=6470
TIMING tick=647 ts_start_us=6470000 ts_end_us=6470090 exec_us=90 slack_us=9910 overrun=false
TICK tick=648 ts_ms=6480
TRACE tick=648 task=2 from=5 to=6 reason=wait_satisfied ts_ms=6480
TRACE tick=648 task=2 from=6 to=7 reason=action ts_ms=6480
TRACE tick=648 task=2 from=7 to=8 reason=action ts_ms=6480
TRACE tick=648 task=2 from=8 to=9 reason=action ts_ms=6480
TRACE tick=648 task=2 from=9 to=10 reason=action ts_ms=6480
TRACE tick=648 task=2 from=10 to=11 reason=action ts_ms=6480
TRACE tick=648 task=5 from=4 to=5 reason=wait_satisfied ts_ms=6480
TRACE tick=648 task=5 from=5 to=6 reason=action ts_ms=6480
TIMING tick=648 ts_start_us=6480000 ts_end_us=6480330 exec_us=330 slack_us=9670 overrun=false
TICK tick=649 ts_ms=6490
TIMING tick=649 ts_start_us=6490000 ts_end_us=6490010 exec_us=10 slack_us=9990 overrun=false
TICK tick=650 ts_ms=6500
TIMING tick=650 ts_start_us=6500000 ts_end_us=6500010 exec_us=10 slack_us=9990 overrun=false
TICK tick=651 ts_ms=6510
TIMING tick=651 ts_start_us=6510000 ts_end_us=6510010 exec_us=10 slack_us=9990 overrun=false
TICK tick=652 ts_ms=6520
TIMING tick=652 ts_start_us=6520000 ts_end_us=6520010 exec_us=10 slack_us=9990 overrun=false
TICK tick=653 ts_ms=6530
TIMING tick=653 ts_start_us=6530000 ts_end_us=6530010 exec_us=10 slack_us=9990 overrun=false
TICK tick=654 ts_ms=6540
TIMING tick=654 ts_start_us=6540000 ts_end_us=6540010 exec_us=10 slack_us=9990 overrun=false
TICK tick=655 ts_ms=6550
TIMING tick=655 ts_start_us=6550000 ts_end_us=6550010 exec_us=10 slack_us=9990 overrun=false
TICK tick=656 ts_ms=6560
TIMING tick=656 ts_start_us=6560000 ts_end_us=6560010 exec_us=10 slack_us=9990 overrun=false
TICK tick=657 ts_ms=6570
TIMING tick=657 ts_start_us=6570000 ts_end_us=6570010 exec_us=10 slack_us=9990 overrun=false
TICK tick=658 ts_ms=6580
TIMING tick=658 ts_start_us=6580000 ts_end_us=6580010 exec_us=10 slack_us=9990 overrun=false
TICK tick=659 ts_ms=6590
TIMING tick=659 ts_start_us=6590000 ts_end_us=6590010 exec_us=10 slack_us=9990 overrun=false
TICK tick=660 ts_ms=6600
TIMING tick=660 ts_start_us=6600000 ts_end_us=6600010 exec_us=10 slack_us=9990 overrun=false
TICK tick=661 ts_ms=6610
TIMING tick=661 ts_start_us=6610000 ts_end_us=6610010 exec_us=10 slack_us=9990 overrun=false
TICK tick=662 ts_ms=6620
TIMING tick=662 ts_start_us=6620000 ts_end_us=6620010 exec_us=10 slack_us=9990 overrun=false
TICK tick=663 ts_ms=6630
TIMING tick=663 ts_start_us=6630000 ts_end_us=6630010 exec_us=10 slack_us=9990 overrun=false
TICK tick=664 ts_ms=6640
TIMING tick=664 ts_start_us=6640000 ts_end_us=6640010 exec_us=10 slack_us=9990 overrun=false
TICK tick=665 ts_ms=6650
TIMING tick=665 ts_start_us=6650000 ts_end_us=6650010 exec_us=10 slack_us=9990 overrun=false
TICK tick=666 ts_ms=6660
TIMING tick=666 ts_start_us=6660000 ts_end_us=6660010 exec_us=10 slack_us=9990 overrun=false
TICK tick=667 ts_ms=6670
TIMING tick=667 ts_start_us=6670000 ts_end_us=6670010 exec_us=10 slack_us=9990 overrun=false
TICK tick=668 ts_ms=6680
TIMING tick=668 ts_start_us=6680000 ts_end_us=6680010 exec_us=10 slack_us=9990 overrun=false
TICK tick=669 ts_ms=6690
TIMING tick=669 ts_start_us=6690000 ts_end_us=6690010 exec_us=10 slack_us=9990 overrun=false
TICK tick=670 ts_ms=6700
TIMING tick=670 ts_start_us=6700000 ts_end_us=6700010 exec_us=10 slack_us=9990 overrun=false
TICK tick=671 ts_ms=6710
TIMING tick=671 ts_start_us=6710000 ts_end_us=6710010 exec_us=10 slack_us=9990 overrun=false
TICK tick=672 ts_ms=6720
TIMING tick=672 ts_start_us=6720000 ts_end_us=6720010 exec_us=10 slack_us=9990 overrun=false
TICK tick=673 ts_ms=6730
TIMING tick=673 ts_start_us=6730000 ts_end_us=6730010 exec_us=10 slack_us=9990 overrun=false
TICK tick=674 ts_ms=6740
TIMING tick=674 ts_start_us=6740000 ts_end_us=6740010 exec_us=10 slack_us=9990 overrun=false
TICK tick=675 ts_ms=6750
TIMING tick=675 ts_start_us=6750000 ts_end_us=6750010 exec_us=10 slack_us=9990 overrun=false
TICK tick=676 ts_ms=6760
TIMING tick=676 ts_start_us=6760000 ts_end_us=6760010 exec_us=10 slack_us=9990 overrun=false
TICK tick=677 ts_ms=6770
TIMING tick=677 ts_start_us=6770000 ts_end_us=6770010 exec_us=10 slack_us=9990 overrun=false
TICK tick=678 ts_ms=6780
TIMING tick=678 ts_start_us=6780000 ts_end_us=6780010 exec_us=10 slack_us=9990 overrun=false
TICK tick=679 ts_ms=6790
TIMING tick=679 ts_start_us=6790000 ts_end_us=6790010 exec_us=10 slack_us=9990 overrun=false
TICK tick=680 ts_ms=6800
TIMING tick=680 ts_start_us=6800000 ts_end_us=6800010 exec_us=10 slack_us=9990 overrun=false
TICK tick=681 ts_ms=6810
TIMING tick=681 ts_start_us=6810000 ts_end_us=6810010 exec_us=10 slack_us=9990 overrun=false
TICK tick=682 ts_ms=6820
TIMING tick=682 ts_start_us=6820000 ts_end_us=6820010 exec_us=10 slack_us=9990 overrun=false
TICK tick=683 ts_ms=6830
TIMING tick=683 ts_start_us=6830000 ts_end_us=6830010 exec_us=10 slack_us=9990 overrun=false
TICK tick=684 ts_ms=6840
TIMING tick=684 ts_start_us=6840000 ts_end_us=6840010 exec_us=10 slack_us=9990 overrun=false
TICK tick=685 ts_ms=6850
TIMING tick=685 ts_start_us=6850000 ts_end_us=6850010 exec_us=10 slack_us=9990 overrun=false
TICK tick=686 ts_ms=6860
TIMING tick=686 ts_start_us=6860000 ts_end_us=6860010 exec_us=10 slack_us=9990 overrun=false
TICK tick=687 ts_ms=6870
TIMING tick=687 ts_start_us=6870000 ts_end_us=6870010 exec_us=10 slack_us=9990 overrun=false
TICK tick=688 ts_ms=6880
TIMING tick=688 ts_start_us=6880000 ts_end_us=6880010 exec_us=10 slack_us=9990 overrun=false
TICK tick=689 ts_ms=6890
TIMING tick=689 ts_start_us=6890000 ts_end_us=6890010 exec_us=10 slack_us=9990 overrun=false
TICK tick=690 ts_ms=6900
TIMING tick=690 ts_start_us=6900000 ts_end_us=6900010 exec_us=10 slack_us=9990 overrun=false
TICK tick=691 ts_ms=6910
TIMING tick=691 ts_start_us=6910000 ts_end_us=6910010 exec_us=10 slack_us=9990 overrun=false
TICK tick=692 ts_ms=6920
TIMING tick=692 ts_start_us=6920000 ts_end_us=6920010 exec_us=10 slack_us=9990 overrun=false
TICK tick=693 ts_ms=6930
TIMING tick=693 ts_start_us=6930000 ts_end_us=6930010 exec_us=10 slack_us=9990 overrun=false
TICK tick=694 ts_ms=6940
TIMING tick=694 ts_start_us=6940000 ts_end_us=6940010 exec_us=10 slack_us=9990 overrun=false
TICK tick=695 ts_ms=6950
TIMING tick=695 ts_start_us=6950000 ts_end_us=6950010 exec_us=10 slack_us=9990 overrun=false
TICK tick=696 ts_ms=6960
TIMING tick=696 ts_start_us=6960000 ts_end_us=6960010 exec_us=10 slack_us=9990 overrun=false
TICK tick=697 ts_ms=6970
TIMING tick=697 ts_start_us=6970000 ts_end_us=6970010 exec_us=10 slack_us=9990 overrun=false
TICK tick=698 ts_ms=6980
TIMING tick=698 ts_start_us=6980000 ts_end_us=6980010 exec_us=10 slack_us=9990 overrun=false
TICK tick=699 ts_ms=6990
TIMING tick=699 ts_start_us=6990000 ts_end_us=6990010 exec_us=10 slack_us=9990 overrun=false
TICK tick=700 ts_ms=7000
TIMING tick=700 ts_start_us=7000000 ts_end_us=7000010 exec_us=10 slack_us=9990 overrun=false
TICK tick=701 ts_ms=7010
TIMING tick=701 ts_start_us=7010000 ts_end_us=7010010 exec_us=10 slack_us=9990 overrun=false
TICK tick=702 ts_ms=7020
TIMING tick=702 ts_start_us=7020000 ts_end_us=7020010 exec_us=10 slack_us=9990 overrun=false
TICK tick=703 ts_ms=7030
TIMING tick=703 ts_start_us=7030000 ts_end_us=7030010 exec_us=10 slack_us=9990 overrun=false
TICK tick=704 ts_ms=7040
TIMING tick=704 ts_start_us=7040000 ts_end_us=7040010 exec_us=10 slack_us=9990 overrun=false
TICK tick=705 ts_ms=7050
TIMING tick=705 ts_start_us=7050000 ts_end_us=7050010 exec_us=10 slack_us=9990 overrun=false
TICK tick=706 ts_ms=7060
TIMING tick=706 ts_start_us=7060000 ts_end_us=7060010 exec_us=10 slack_us=9990 overrun=false
TICK tick=707 ts_ms=7070
TIMING tick=707 ts_start_us=7070000 ts_end_us=7070010 exec_us=10 slack_us=9990 overrun=false
TICK tick=708 ts_ms=7080
TIMING tick=708 ts_start_us=7080000 ts_end_us=7080010 exec_us=10 slack_us=9990 overrun=false
TICK tick=709 ts_ms=7090
TIMING tick=709 ts_start_us=7090000 ts_end_us=7090010 exec_us=10 slack_us=9990 overrun=false
TICK tick=710 ts_ms=7100
TIMING tick=710 ts_start_us=7100000 ts_end_us=7100010 exec_us=10 slack_us=9990 overrun=false
TICK tick=711 ts_ms=7110
TIMING tick=711 ts_start_us=7110000 ts_end_us=7110010 exec_us=10 slack_us=9990 overrun=false
TICK tick=712 ts_ms=7120
TIMING tick=712 ts_start_us=7120000 ts_end_us=7120010 exec_us=10 slack_us=9990 overrun=false
TICK tick=713 ts_ms=7130
TIMING tick=713 ts_start_us=7130000 ts_end_us=7130010 exec_us=10 slack_us=9990 overrun=false
TICK tick=714 ts_ms=7140
TIMING tick=714 ts_start_us=7140000 ts_end_us=7140010 exec_us=10 slack_us=9990 overrun=false
TICK tick=715 ts_ms=7150
TIMING tick=715 ts_start_us=7150000 ts_end_us=7150010 exec_us=10 slack_us=9990 overrun=false
TICK tick=716 ts_ms=7160
TIMING tick=716 ts_start_us=7160000 ts_end_us=7160010 exec_us=10 slack_us=9990 overrun=false
TICK tick=717 ts_ms=7170
TIMING tick=717 ts_start_us=7170000 ts_end_us=7170010 exec_us=10 slack_us=9990 overrun=false
TICK tick=718 ts_ms=7180
TIMING tick=718 ts_start_us=7180000 ts_end_us=7180010 exec_us=10 slack_us=9990 overrun=false
TICK tick=719 ts_ms=7190
TIMING tick=719 ts_start_us=7190000 ts_end_us=7190010 exec_us=10 slack_us=9990 overrun=false
TICK tick=720 ts_ms=7200
TIMING tick=720 ts_start_us=7200000 ts_end_us=7200010 exec_us=10 slack_us=9990 overrun=false
TICK tick=721 ts_ms=7210
TIMING tick=721 ts_start_us=7210000 ts_end_us=7210010 exec_us=10 slack_us=9990 overrun=false
TICK tick=722 ts_ms=7220
TIMING tick=722 ts_start_us=7220000 ts_end_us=7220010 exec_us=10 slack_us=9990 overrun=false
TICK tick=723 ts_ms=7230
TIMING tick=723 ts_start_us=7230000 ts_end_us=7230010 exec_us=10 slack_us=9990 overrun=false
TICK tick=724 ts_ms=7240
TIMING tick=724 ts_start_us=7240000 ts_end_us=7240010 exec_us=10 slack_us=9990 overrun=false
TICK tick=725 ts_ms=7250
TIMING tick=725 ts_start_us=7250000 ts_end_us=7250010 exec_us=10 slack_us=9990 overrun=false
TICK tick=726 ts_ms=7260
TIMING tick=726 ts_start_us=7260000 ts_end_us=7260010 exec_us=10 slack_us=9990 overrun=false
TICK tick=727 ts_ms=7270
TIMING tick=727 ts_start_us=7270000 ts_end_us=7270010 exec_us=10 slack_us=9990 overrun=false
TICK tick=728 ts_ms=7280
TIMING tick=728 ts_start_us=7280000 ts_end_us=7280010 exec_us=10 slack_us=9990 overrun=false
TICK tick=729 ts_ms=7290
TIMING tick=729 ts_start_us=7290000 ts_end_us=7290010 exec_us=10 slack_us=9990 overrun=false
TICK tick=730 ts_ms=7300
TIMING tick=730 ts_start_us=7300000 ts_end_us=7300010 exec_us=10 slack_us=9990 overrun=false
TICK tick=731 ts_ms=7310
TIMING tick=731 ts_start_us=7310000 ts_end_us=7310010 exec_us=10 slack_us=9990 overrun=false
TICK tick=732 ts_ms=7320
TIMING tick=732 ts_start_us=7320000 ts_end_us=7320010 exec_us=10 slack_us=9990 overrun=false
TICK tick=733 ts_ms=7330
TIMING tick=733 ts_start_us=7330000 ts_end_us=7330010 exec_us=10 slack_us=9990 overrun=false
TICK tick=734 ts_ms=7340
TIMING tick=734 ts_start_us=7340000 ts_end_us=7340010 exec_us=10 slack_us=9990 overrun=false
TICK tick=735 ts_ms=7350
TIMING tick=735 ts_start_us=7350000 ts_end_us=7350010 exec_us=10 slack_us=9990 overrun=false
TICK tick=736 ts_ms=7360
TIMING tick=736 ts_start_us=7360000 ts_end_us=7360010 exec_us=10 slack_us=9990 overrun=false
TICK tick=737 ts_ms=7370
TIMING tick=737 ts_start_us=7370000 ts_end_us=7370010 exec_us=10 slack_us=9990 overrun=false
TICK tick=738 ts_ms=7380
TIMING tick=738 ts_start_us=7380000 ts_end_us=7380010 exec_us=10 slack_us=9990 overrun=false
TICK tick=739 ts_ms=7390
TIMING tick=739 ts_start_us=7390000 ts_end_us=7390010 exec_us=10 slack_us=9990 overrun=false
TICK tick=740 ts_ms=7400
TIMING tick=740 ts_start_us=7400000 ts_end_us=7400010 exec_us=10 slack_us=9990 overrun=false
TICK tick=741 ts_ms=7410
TIMING tick=741 ts_start_us=7410000 ts_end_us=7410010 exec_us=10 slack_us=9990 overrun=false
TICK tick=742 ts_ms=7420
TIMING tick=742 ts_start_us=7420000 ts_end_us=7420010 exec_us=10 slack_us=9990 overrun=false
TICK tick=743 ts_ms=7430
TIMING tick=743 ts_start_us=7430000 ts_end_us=7430010 exec_us=10 slack_us=9990 overrun=false
TICK tick=744 ts_ms=7440
TIMING tick=744 ts_start_us=7440000 ts_end_us=7440010 exec_us=10 slack_us=9990 overrun=false
TICK tick=745 ts_ms=7450
TIMING tick=745 ts_start_us=7450000 ts_end_us=7450010 exec_us=10 slack_us=9990 overrun=false
TICK tick=746 ts_ms=7460
TIMING tick=746 ts_start_us=7460000 ts_end_us=7460010 exec_us=10 slack_us=9990 overrun=false
TICK tick=747 ts_ms=7470
TIMING tick=747 ts_start_us=7470000 ts_end_us=7470010 exec_us=10 slack_us=9990 overrun=false
TICK tick=748 ts_ms=7480
TIMING tick=748 ts_start_us=7480000 ts_end_us=7480010 exec_us=10 slack_us=9990 overrun=false
TICK tick=749 ts_ms=7490
TIMING tick=749 ts_start_us=7490000 ts_end_us=7490010 exec_us=10 slack_us=9990 overrun=false
TICK tick=750 ts_ms=7500
TIMING tick=750 ts_start_us=7500000 ts_end_us=7500010 exec_us=10 slack_us=9990 overrun=false
TICK tick=751 ts_ms=7510
TIMING tick=751 ts_start_us=7510000 ts_end_us=7510010 exec_us=10 slack_us=9990 overrun=false
TICK tick=752 ts_ms=7520
TIMING tick=752 ts_start_us=7520000 ts_end_us=7520010 exec_us=10 slack_us=9990 overrun=false
TICK tick=753 ts_ms=7530
TIMING tick=753 ts_start_us=7530000 ts_end_us=7530010 exec_us=10 slack_us=9990 overrun=false
TICK tick=754 ts_ms=7540
TIMING tick=754 ts_start_us=7540000 ts_end_us=7540010 exec_us=10 slack_us=9990 overrun=false
TICK tick=755 ts_ms=7550
TIMING tick=755 ts_start_us=7550000 ts_end_us=7550010 exec_us=10 slack_us=9990 overrun=false
TICK tick=756 ts_ms=7560
TIMING tick=756 ts_start_us=7560000 ts_end_us=7560010 exec_us=10 slack_us=9990 overrun=false
TICK tick=757 ts_ms=7570
TIMING tick=757 ts_start_us=7570000 ts_end_us=7570010 exec_us=10 slack_us=9990 overrun=false
TICK tick=758 ts_ms=7580
TIMING tick=758 ts_start_us=7580000 ts_end_us=7580010 exec_us=10 slack_us=9990 overrun=false
TICK tick=759 ts_ms=7590
TIMING tick=759 ts_start_us=7590000 ts_end_us=7590010 exec_us=10 slack_us=9990 overrun=false
TICK tick=760 ts_ms=7600
TIMING tick=760 ts_start_us=7600000 ts_end_us=7600010 exec_us=10 slack_us=9990 overrun=false
TICK tick=761 ts_ms=7610
TIMING tick=761 ts_start_us=7610000 ts_end_us=7610010 exec_us=10 slack_us=9990 overrun=false
TICK tick=762 ts_ms=7620
TIMING tick=762 ts_start_us=7620000 ts_end_us=7620010 exec_us=10 slack_us=9990 overrun=false
TICK tick=763 ts_ms=7630
TIMING tick=763 ts_start_us=7630000 ts_end_us=7630010 exec_us=10 slack_us=9990 overrun=false
TICK tick=764 ts_ms=7640
TIMING tick=764 ts_start_us=7640000 ts_end_us=7640010 exec_us=10 slack_us=9990 overrun=false
TICK tick=765 ts_ms=7650
TIMING tick=765 ts_start_us=7650000 ts_end_us=7650010 exec_us=10 slack_us=9990 overrun=false
TICK tick=766 ts_ms=7660
TIMING tick=766 ts_start_us=7660000 ts_end_us=7660010 exec_us=10 slack_us=9990 overrun=false
TICK tick=767 ts_ms=7670
TIMING tick=767 ts_start_us=7670000 ts_end_us=7670010 exec_us=10 slack_us=9990 overrun=false
TICK tick=768 ts_ms=7680
TIMING tick=768 ts_start_us=7680000 ts_end_us=7680010 exec_us=10 slack_us=9990 overrun=false
TICK tick=769 ts_ms=7690
TIMING tick=769 ts_start_us=7690000 ts_end_us=7690010 exec_us=10 slack_us=9990 overrun=false
TICK tick=770 ts_ms=7700
TIMING tick=770 ts_start_us=7700000 ts_end_us=7700010 exec_us=10 slack_us=9990 overrun=false
TICK tick=771 ts_ms=7710
TIMING tick=771 ts_start_us=7710000 ts_end_us=7710010 exec_us=10 slack_us=9990 overrun=false
TICK tick=772 ts_ms=7720
TIMING tick=772 ts_start_us=7720000 ts_end_us=7720010 exec_us=10 slack_us=9990 overrun=false
TICK tick=773 ts_ms=7730
TIMING tick=773 ts_start_us=7730000 ts_end_us=7730010 exec_us=10 slack_us=9990 overrun=false
TICK tick=774 ts_ms=7740
TIMING tick=774 ts_start_us=7740000 ts_end_us=7740010 exec_us=10 slack_us=9990 overrun=false
TICK tick=775 ts_ms=7750
TIMING tick=775 ts_start_us=7750000 ts_end_us=7750010 exec_us=10 slack_us=9990 overrun=false
TICK tick=776 ts_ms=7760
TIMING tick=776 ts_start_us=7760000 ts_end_us=7760010 exec_us=10 slack_us=9990 overrun=false
TICK tick=777 ts_ms=7770
TIMING tick=777 ts_start_us=7770000 ts_end_us=7770010 exec_us=10 slack_us=9990 overrun=false
TICK tick=778 ts_ms=7780
TIMING tick=778 ts_start_us=7780000 ts_end_us=7780010 exec_us=10 slack_us=9990 overrun=false
TICK tick=779 ts_ms=7790
TIMING tick=779 ts_start_us=7790000 ts_end_us=7790010 exec_us=10 slack_us=9990 overrun=false
TICK tick=780 ts_ms=7800
TIMING tick=780 ts_start_us=7800000 ts_end_us=7800010 exec_us=10 slack_us=9990 overrun=false
TICK tick=781 ts_ms=7810
TIMING tick=781 ts_start_us=7810000 ts_end_us=7810010 exec_us=10 slack_us=9990 overrun=false
TICK tick=782 ts_ms=7820
TIMING tick=782 ts_start_us=7820000 ts_end_us=7820010 exec_us=10 slack_us=9990 overrun=false
TICK tick=783 ts_ms=7830
TIMING tick=783 ts_start_us=7830000 ts_end_us=7830010 exec_us=10 slack_us=9990 overrun=false
TICK tick=784 ts_ms=7840
TIMING tick=784 ts_start_us=7840000 ts_end_us=7840010 exec_us=10 slack_us=9990 overrun=false
TICK tick=785 ts_ms=7850
TIMING tick=785 ts_start_us=7850000 ts_end_us=7850010 exec_us=10 slack_us=9990 overrun=false
TICK tick=786 ts_ms=7860
TIMING tick=786 ts_start_us=7860000 ts_end_us=7860010 exec_us=10 slack_us=9990 overrun=false
TICK tick=787 ts_ms=7870
TIMING tick=787 ts_start_us=7870000 ts_end_us=7870010 exec_us=10 slack_us=9990 overrun=false
TICK tick=788 ts_ms=7880
TIMING tick=788 ts_start_us=7880000 ts_end_us=7880010 exec_us=10 slack_us=9990 overrun=false
TICK tick=789 ts_ms=7890
TIMING tick=789 ts_start_us=7890000 ts_end_us=7890010 exec_us=10 slack_us=9990 overrun=false
TICK tick=790 ts_ms=7900
TIMING tick=790 ts_start_us=7900000 ts_end_us=7900010 exec_us=10 slack_us=9990 overrun=false
TICK tick=791 ts_ms=7910
TIMING tick=791 ts_start_us=7910000 ts_end_us=7910010 exec_us=10 slack_us=9990 overrun=false
TICK tick=792 ts_ms=7920
TIMING tick=792 ts_start_us=7920000 ts_end_us=7920010 exec_us=10 slack_us=9990 overrun=false
TICK tick=793 ts_ms=7930
TIMING tick=793 ts_start_us=7930000 ts_end_us=7930010 exec_us=10 slack_us=9990 overrun=false
TICK tick=794 ts_ms=7940
TIMING tick=794 ts_start_us=7940000 ts_end_us=7940010 exec_us=10 slack_us=9990 overrun=false
TICK tick=795 ts_ms=7950
TIMING tick=795 ts_start_us=7950000 ts_end_us=7950010 exec_us=10 slack_us=9990 overrun=false
TICK tick=796 ts_ms=7960
TIMING tick=796 ts_start_us=7960000 ts_end_us=7960010 exec_us=10 slack_us=9990 overrun=false
TICK tick=797 ts_ms=7970
TIMING tick=797 ts_start_us=7970000 ts_end_us=7970010 exec_us=10 slack_us=9990 overrun=false
TICK tick=798 ts_ms=7980
TIMING tick=798 ts_start_us=7980000 ts_end_us=7980010 exec_us=10 slack_us=9990 overrun=false
TICK tick=799 ts_ms=7990
TIMING tick=799 ts_start_us=7990000 ts_end_us=7990010 exec_us=10 slack_us=9990 overrun=false
TICK tick=800 ts_ms=8000
TIMING tick=800 ts_start_us=8000000 ts_end_us=8000010 exec_us=10 slack_us=9990 overrun=false
TICK tick=801 ts_ms=8010
TIMING tick=801 ts_start_us=8010000 ts_end_us=8010010 exec_us=10 slack_us=9990 overrun=false
TICK tick=802 ts_ms=8020
TIMING tick=802 ts_start_us=8020000 ts_end_us=8020010 exec_us=10 slack_us=9990 overrun=false
TICK tick=803 ts_ms=8030
TIMING tick=803 ts_start_us=8030000 ts_end_us=8030010 exec_us=10 slack_us=9990 overrun=false
TICK tick=804 ts_ms=8040
TIMING tick=804 ts_start_us=8040000 ts_end_us=8040010 exec_us=10 slack_us=9990 overrun=false
TICK tick=805 ts_ms=8050
TIMING tick=805 ts_start_us=8050000 ts_end_us=8050010 exec_us=10 slack_us=9990 overrun=false
TICK tick=806 ts_ms=8060
TIMING tick=806 ts_start_us=8060000 ts_end_us=8060010 exec_us=10 slack_us=9990 overrun=false
TICK tick=807 ts_ms=8070
TIMING tick=807 ts_start_us=8070000 ts_end_us=8070010 exec_us=10 slack_us=9990 overrun=false
TICK tick=808 ts_ms=8080
TIMING tick=808 ts_start_us=8080000 ts_end_us=8080010 exec_us=10 slack_us=9990 overrun=false
TICK tick=809 ts_ms=8090
TIMING tick=809 ts_start_us=8090000 ts_end_us=8090010 exec_us=10 slack_us=9990 overrun=false
TICK tick=810 ts_ms=8100
TIMING tick=810 ts_start_us=8100000 ts_end_us=8100010 exec_us=10 slack_us=9990 overrun=false
TICK tick=811 ts_ms=8110
TIMING tick=811 ts_start_us=8110000 ts_end_us=8110010 exec_us=10 slack_us=9990 overrun=false
TICK tick=812 ts_ms=8120
TIMING tick=812 ts_start_us=8120000 ts_end_us=8120010 exec_us=10 slack_us=9990 overrun=false
TICK tick=813 ts_ms=8130
TIMING tick=813 ts_start_us=8130000 ts_end_us=8130010 exec_us=10 slack_us=9990 overrun=false
TICK tick=814 ts_ms=8140
TIMING tick=814 ts_start_us=8140000 ts_end_us=8140010 exec_us=10 slack_us=9990 overrun=false
TICK tick=815 ts_ms=8150
TIMING tick=815 ts_start_us=8150000 ts_end_us=8150010 exec_us=10 slack_us=9990 overrun=false
TICK tick=816 ts_ms=8160
TIMING tick=816 ts_start_us=8160000 ts_end_us=8160010 exec_us=10 slack_us=9990 overrun=false
TICK tick=817 ts_ms=8170
TIMING tick=817 ts_start_us=8170000 ts_end_us=8170010 exec_us=10 slack_us=9990 overrun=false
TICK tick=818 ts_ms=8180
TIMING tick=818 ts_start_us=8180000 ts_end_us=8180010 exec_us=10 slack_us=9990 overrun=false
TICK tick=819 ts_ms=8190
TIMING tick=819 ts_start_us=8190000 ts_end_us=8190010 exec_us=10 slack_us=9990 overrun=false
TICK tick=820 ts_ms=8200
TIMING tick=820 ts_start_us=8200000 ts_end_us=8200010 exec_us=10 slack_us=9990 overrun=false
TICK tick=821 ts_ms=8210
TIMING tick=821 ts_start_us=8210000 ts_end_us=8210010 exec_us=10 slack_us=9990 overrun=false
TICK tick=822 ts_ms=8220
TIMING tick=822 ts_start_us=8220000 ts_end_us=8220010 exec_us=10 slack_us=9990 overrun=false
TICK tick=823 ts_ms=8230
TIMING tick=823 ts_start_us=8230000 ts_end_us=8230010 exec_us=10 slack_us=9990 overrun=false
TICK tick=824 ts_ms=8240
TIMING tick=824 ts_start_us=8240000 ts_end_us=8240010 exec_us=10 slack_us=9990 overrun=false
TICK tick=825 ts_ms=8250
TIMING tick=825 ts_start_us=8250000 ts_end_us=8250010 exec_us=10 slack_us=9990 overrun=false
TICK tick=826 ts_ms=8260
TIMING tick=826 ts_start_us=8260000 ts_end_us=8260010 exec_us=10 slack_us=9990 overrun=false
TICK tick=827 ts_ms=8270
TIMING tick=827 ts_start_us=8270000 ts_end_us=8270010 exec_us=10 slack_us=9990 overrun=false
TICK tick=828 ts_ms=8280
TIMING tick=828 ts_start_us=8280000 ts_end_us=8280010 exec_us=10 slack_us=9990 overrun=false
TICK tick=829 ts_ms=8290
TIMING tick=829 ts_start_us=8290000 ts_end_us=8290010 exec_us=10 slack_us=9990 overrun=false
TICK tick=830 ts_ms=8300
TIMING tick=830 ts_start_us=8300000 ts_end_us=8300010 exec_us=10 slack_us=9990 overrun=false
TICK tick=831 ts_ms=8310
TIMING tick=831 ts_start_us=8310000 ts_end_us=8310010 exec_us=10 slack_us=9990 overrun=false
TICK tick=832 ts_ms=8320
TIMING tick=832 ts_start_us=8320000 ts_end_us=8320010 exec_us=10 slack_us=9990 overrun=false
TICK tick=833 ts_ms=8330
TIMING tick=833 ts_start_us=8330000 ts_end_us=8330010 exec_us=10 slack_us=9990 overrun=false
TICK tick=834 ts_ms=8340
TIMING tick=834 ts_start_us=8340000 ts_end_us=8340010 exec_us=10 slack_us=9990 overrun=false
TICK tick=835 ts_ms=8350
TIMING tick=835 ts_start_us=8350000 ts_end_us=8350010 exec_us=10 slack_us=9990 overrun=false
TICK tick=836 ts_ms=8360
TIMING tick=836 ts_start_us=8360000 ts_end_us=8360010 exec_us=10 slack_us=9990 overrun=false
TICK tick=837 ts_ms=8370
TIMING tick=837 ts_start_us=8370000 ts_end_us=8370010 exec_us=10 slack_us=9990 overrun=false
TICK tick=838 ts_ms=8380
TIMING tick=838 ts_start_us=8380000 ts_end_us=8380010 exec_us=10 slack_us=9990 overrun=false
TICK tick=839 ts_ms=8390
TIMING tick=839 ts_start_us=8390000 ts_end_us=8390010 exec_us=10 slack_us=9990 overrun=false
TICK tick=840 ts_ms=8400
TIMING tick=840 ts_start_us=8400000 ts_end_us=8400010 exec_us=10 slack_us=9990 overrun=false
TICK tick=841 ts_ms=8410
TIMING tick=841 ts_start_us=8410000 ts_end_us=8410010 exec_us=10 slack_us=9990 overrun=false
TICK tick=842 ts_ms=8420
TIMING tick=842 ts_start_us=8420000 ts_end_us=8420010 exec_us=10 slack_us=9990 overrun=false
TICK tick=843 ts_ms=8430
TIMING tick=843 ts_start_us=8430000 ts_end_us=8430010 exec_us=10 slack_us=9990 overrun=false
TICK tick=844 ts_ms=8440
TIMING tick=844 ts_start_us=8440000 ts_end_us=8440010 exec_us=10 slack_us=9990 overrun=false
TICK tick=845 ts_ms=8450
TIMING tick=845 ts_start_us=8450000 ts_end_us=8450010 exec_us=10 slack_us=9990 overrun=false
TICK tick=846 ts_ms=8460
TIMING tick=846 ts_start_us=8460000 ts_end_us=8460010 exec_us=10 slack_us=9990 overrun=false
TICK tick=847 ts_ms=8470
TIMING tick=847 ts_start_us=8470000 ts_end_us=8470010 exec_us=10 slack_us=9990 overrun=false
TICK tick=848 ts_ms=8480
TIMING tick=848 ts_start_us=8480000 ts_end_us=8480010 exec_us=10 slack_us=9990 overrun=false
TICK tick=849 ts_ms=8490
TIMING tick=849 ts_start_us=8490000 ts_end_us=8490010 exec_us=10 slack_us=9990 overrun=false
TICK tick=850 ts_ms=8500
TIMING tick=850 ts_start_us=8500000 ts_end_us=8500010 exec_us=10 slack_us=9990 overrun=false
TICK tick=851 ts_ms=8510
TIMING tick=851 ts_start_us=8510000 ts_end_us=8510010 exec_us=10 slack_us=9990 overrun=false
TICK tick=852 ts_ms=8520
TIMING tick=852 ts_start_us=8520000 ts_end_us=8520010 exec_us=10 slack_us=9990 overrun=false
TICK tick=853 ts_ms=8530
TIMING tick=853 ts_start_us=8530000 ts_end_us=8530010 exec_us=10 slack_us=9990 overrun=false
TICK tick=854 ts_ms=8540
TIMING tick=854 ts_start_us=8540000 ts_end_us=8540010 exec_us=10 slack_us=9990 overrun=false
TICK tick=855 ts_ms=8550
TIMING tick=855 ts_start_us=8550000 ts_end_us=8550010 exec_us=10 slack_us=9990 overrun=false
TICK tick=856 ts_ms=8560
TIMING tick=856 ts_start_us=8560000 ts_end_us=8560010 exec_us=10 slack_us=9990 overrun=false
TICK tick=857 ts_ms=8570
TIMING tick=857 ts_start_us=8570000 ts_end_us=8570010 exec_us=10 slack_us=9990 overrun=false
TICK tick=858 ts_ms=8580
TIMING tick=858 ts_start_us=8580000 ts_end_us=8580010 exec_us=10 slack_us=9990 overrun=false
TICK tick=859 ts_ms=8590
TIMING tick=859 ts_start_us=8590000 ts_end_us=8590010 exec_us=10 slack_us=9990 overrun=false
TICK tick=860 ts_ms=8600
TIMING tick=860 ts_start_us=8600000 ts_end_us=8600010 exec_us=10 slack_us=9990 overrun=false
TICK tick=861 ts_ms=8610
TIMING tick=861 ts_start_us=8610000 ts_end_us=8610010 exec_us=10 slack_us=9990 overrun=false
TICK tick=862 ts_ms=8620
TIMING tick=862 ts_start_us=8620000 ts_end_us=8620010 exec_us=10 slack_us=9990 overrun=false
TICK tick=863 ts_ms=8630
TIMING tick=863 ts_start_us=8630000 ts_end_us=8630010 exec_us=10 slack_us=9990 overrun=false
TICK tick=864 ts_ms=8640
TIMING tick=864 ts_start_us=8640000 ts_end_us=8640010 exec_us=10 slack_us=9990 overrun=false
TICK tick=865 ts_ms=8650
TIMING tick=865 ts_start_us=8650000 ts_end_us=8650010 exec_us=10 slack_us=9990 overrun=false
TICK tick=866 ts_ms=8660
TIMING tick=866 ts_start_us=8660000 ts_end_us=8660010 exec_us=10 slack_us=9990 overrun=false
TICK tick=867 ts_ms=8670
TIMING tick=867 ts_start_us=8670000 ts_end_us=8670010 exec_us=10 slack_us=9990 overrun=false
TICK tick=868 ts_ms=8680
TIMING tick=868 ts_start_us=8680000 ts_end_us=8680010 exec_us=10 slack_us=9990 overrun=false
TICK tick=869 ts_ms=8690
TIMING tick=869 ts_start_us=8690000 ts_end_us=8690010 exec_us=10 slack_us=9990 overrun=false
TICK tick=870 ts_ms=8700
TIMING tick=870 ts_start_us=8700000 ts_end_us=8700010 exec_us=10 slack_us=9990 overrun=false
TICK tick=871 ts_ms=8710
TIMING tick=871 ts_start_us=8710000 ts_end_us=8710010 exec_us=10 slack_us=9990 overrun=false
TICK tick=872 ts_ms=8720
TIMING tick=872 ts_start_us=8720000 ts_end_us=8720010 exec_us=10 slack_us=9990 overrun=false
TICK tick=873 ts_ms=8730
TIMING tick=873 ts_start_us=8730000 ts_end_us=8730010 exec_us=10 slack_us=9990 overrun=false
TICK tick=874 ts_ms=8740
TIMING tick=874 ts_start_us=8740000 ts_end_us=8740010 exec_us=10 slack_us=9990 overrun=false
TICK tick=875 ts_ms=8750
TIMING tick=875 ts_start_us=8750000 ts_end_us=8750010 exec_us=10 slack_us=9990 overrun=false
TICK tick=876 ts_ms=8760
TIMING tick=876 ts_start_us=8760000 ts_end_us=8760010 exec_us=10 slack_us=9990 overrun=false
TICK tick=877 ts_ms=8770
TIMING tick=877 ts_start_us=8770000 ts_end_us=8770010 exec_us=10 slack_us=9990 overrun=false
TICK tick=878 ts_ms=8780
TIMING tick=878 ts_start_us=8780000 ts_end_us=8780010 exec_us=10 slack_us=9990 overrun=false
TICK tick=879 ts_ms=8790
TIMING tick=879 ts_start_us=8790000 ts_end_us=8790010 exec_us=10 slack_us=9990 overrun=false
TICK tick=880 ts_ms=8800
TIMING tick=880 ts_start_us=8800000 ts_end_us=8800010 exec_us=10 slack_us=9990 overrun=false
TICK tick=881 ts_ms=8810
TIMING tick=881 ts_start_us=8810000 ts_end_us=8810010 exec_us=10 slack_us=9990 overrun=false
TICK tick=882 ts_ms=8820
TIMING tick=882 ts_start_us=8820000 ts_end_us=8820010 exec_us=10 slack_us=9990 overrun=false
TICK tick=883 ts_ms=8830
TIMING tick=883 ts_start_us=8830000 ts_end_us=8830010 exec_us=10 slack_us=9990 overrun=false
TICK tick=884 ts_ms=8840
TIMING tick=884 ts_start_us=8840000 ts_end_us=8840010 exec_us=10 slack_us=9990 overrun=false
TICK tick=885 ts_ms=8850
TIMING tick=885 ts_start_us=8850000 ts_end_us=8850010 exec_us=10 slack_us=9990 overrun=false
TICK tick=886 ts_ms=8860
TIMING tick=886 ts_start_us=8860000 ts_end_us=8860010 exec_us=10 slack_us=9990 overrun=false
TICK tick=887 ts_ms=8870
TIMING tick=887 ts_start_us=8870000 ts_end_us=8870010 exec_us=10 slack_us=9990 overrun=false
TICK tick=888 ts_ms=8880
TIMING tick=888 ts_start_us=8880000 ts_end_us=8880010 exec_us=10 slack_us=9990 overrun=false
TICK tick=889 ts_ms=8890
TIMING tick=889 ts_start_us=8890000 ts_end_us=8890010 exec_us=10 slack_us=9990 overrun=false
TICK tick=890 ts_ms=8900
TIMING tick=890 ts_start_us=8900000 ts_end_us=8900010 exec_us=10 slack_us=9990 overrun=false
TICK tick=891 ts_ms=8910
TIMING tick=891 ts_start_us=8910000 ts_end_us=8910010 exec_us=10 slack_us=9990 overrun=false
TICK tick=892 ts_ms=8920
TIMING tick=892 ts_start_us=8920000 ts_end_us=8920010 exec_us=10 slack_us=9990 overrun=false
TICK tick=893 ts_ms=8930
TIMING tick=893 ts_start_us=8930000 ts_end_us=8930010 exec_us=10 slack_us=9990 overrun=false
TICK tick=894 ts_ms=8940
TIMING tick=894 ts_start_us=8940000 ts_end_us=8940010 exec_us=10 slack_us=9990 overrun=false
TICK tick=895 ts_ms=8950
TIMING tick=895 ts_start_us=8950000 ts_end_us=8950010 exec_us=10 slack_us=9990 overrun=false
TICK tick=896 ts_ms=8960
TIMING tick=896 ts_start_us=8960000 ts_end_us=8960010 exec_us=10 slack_us=9990 overrun=false
TICK tick=897 ts_ms=8970
TIMING tick=897 ts_start_us=8970000 ts_end_us=8970010 exec_us=10 slack_us=9990 overrun=false
TICK tick=898 ts_ms=8980
TIMING tick=898 ts_start_us=8980000 ts_end_us=8980010 exec_us=10 slack_us=9990 overrun=false
TICK tick=899 ts_ms=8990
TIMING tick=899 ts_start_us=8990000 ts_end_us=8990010 exec_us=10 slack_us=9990 overrun=false
TICK tick=900 ts_ms=9000
TIMING tick=900 ts_start_us=9000000 ts_end_us=9000010 exec_us=10 slack_us=9990 overrun=false
TICK tick=901 ts_ms=9010
TIMING tick=901 ts_start_us=9010000 ts_end_us=9010010 exec_us=10 slack_us=9990 overrun=false
TICK tick=902 ts_ms=9020
TIMING tick=902 ts_start_us=9020000 ts_end_us=9020010 exec_us=10 slack_us=9990 overrun=false
TICK tick=903 ts_ms=9030
TIMING tick=903 ts_start_us=9030000 ts_end_us=9030010 exec_us=10 slack_us=9990 overrun=false
TICK tick=904 ts_ms=9040
TIMING tick=904 ts_start_us=9040000 ts_end_us=9040010 exec_us=10 slack_us=9990 overrun=false
TICK tick=905 ts_ms=9050
TIMING tick=905 ts_start_us=9050000 ts_end_us=9050010 exec_us=10 slack_us=9990 overrun=false
TICK tick=906 ts_ms=9060
TIMING tick=906 ts_start_us=9060000 ts_end_us=9060010 exec_us=10 slack_us=9990 overrun=false
TICK tick=907 ts_ms=9070
TIMING tick=907 ts_start_us=9070000 ts_end_us=9070010 exec_us=10 slack_us=9990 overrun=false
TICK tick=908 ts_ms=9080
TIMING tick=908 ts_start_us=9080000 ts_end_us=9080010 exec_us=10 slack_us=9990 overrun=false
TICK tick=909 ts_ms=9090
TIMING tick=909 ts_start_us=9090000 ts_end_us=9090010 exec_us=10 slack_us=9990 overrun=false
TICK tick=910 ts_ms=9100
TIMING tick=910 ts_start_us=9100000 ts_end_us=9100010 exec_us=10 slack_us=9990 overrun=false
TICK tick=911 ts_ms=9110
TIMING tick=911 ts_start_us=9110000 ts_end_us=9110010 exec_us=10 slack_us=9990 overrun=false
TICK tick=912 ts_ms=9120
TIMING tick=912 ts_start_us=9120000 ts_end_us=9120010 exec_us=10 slack_us=9990 overrun=false
TICK tick=913 ts_ms=9130
TIMING tick=913 ts_start_us=9130000 ts_end_us=9130010 exec_us=10 slack_us=9990 overrun=false
TICK tick=914 ts_ms=9140
TIMING tick=914 ts_start_us=9140000 ts_end_us=9140010 exec_us=10 slack_us=9990 overrun=false
TICK tick=915 ts_ms=9150
TIMING tick=915 ts_start_us=9150000 ts_end_us=9150010 exec_us=10 slack_us=9990 overrun=false
TICK tick=916 ts_ms=9160
TIMING tick=916 ts_start_us=9160000 ts_end_us=9160010 exec_us=10 slack_us=9990 overrun=false
TICK tick=917 ts_ms=9170
TIMING tick=917 ts_start_us=9170000 ts_end_us=9170010 exec_us=10 slack_us=9990 overrun=false
TICK tick=918 ts_ms=9180
TIMING tick=918 ts_start_us=9180000 ts_end_us=9180010 exec_us=10 slack_us=9990 overrun=false
TICK tick=919 ts_ms=9190
TIMING tick=919 ts_start_us=9190000 ts_end_us=9190010 exec_us=10 slack_us=9990 overrun=false
TICK tick=920 ts_ms=9200
TIMING tick=920 ts_start_us=9200000 ts_end_us=9200010 exec_us=10 slack_us=9990 overrun=false
TICK tick=921 ts_ms=9210
TIMING tick=921 ts_start_us=9210000 ts_end_us=9210010 exec_us=10 slack_us=9990 overrun=false
TICK tick=922 ts_ms=9220
TIMING tick=922 ts_start_us=9220000 ts_end_us=9220010 exec_us=10 slack_us=9990 overrun=false
TICK tick=923 ts_ms=9230
TIMING tick=923 ts_start_us=9230000 ts_end_us=9230010 exec_us=10 slack_us=9990 overrun=false
TICK tick=924 ts_ms=9240
TIMING tick=924 ts_start_us=9240000 ts_end_us=9240010 exec_us=10 slack_us=9990 overrun=false
TICK tick=925 ts_ms=9250
TIMING tick=925 ts_start_us=9250000 ts_end_us=9250010 exec_us=10 slack_us=9990 overrun=false
TICK tick=926 ts_ms=9260
TIMING tick=926 ts_start_us=9260000 ts_end_us=9260010 exec_us=10 slack_us=9990 overrun=false
TICK tick=927 ts_ms=9270
TIMING tick=927 ts_start_us=9270000 ts_end_us=9270010 exec_us=10 slack_us=9990 overrun=false
TICK tick=928 ts_ms=9280
TIMING tick=928 ts_start_us=9280000 ts_end_us=9280010 exec_us=10 slack_us=9990 overrun=false
TICK tick=929 ts_ms=9290
TIMING tick=929 ts_start_us=9290000 ts_end_us=9290010 exec_us=10 slack_us=9990 overrun=false
TICK tick=930 ts_ms=9300
TIMING tick=930 ts_start_us=9300000 ts_end_us=9300010 exec_us=10 slack_us=9990 overrun=false
TICK tick=931 ts_ms=9310
TIMING tick=931 ts_start_us=9310000 ts_end_us=9310010 exec_us=10 slack_us=9990 overrun=false
TICK tick=932 ts_ms=9320
TIMING tick=932 ts_start_us=9320000 ts_end_us=9320010 exec_us=10 slack_us=9990 overrun=false
TICK tick=933 ts_ms=9330
TIMING tick=933 ts_start_us=9330000 ts_end_us=9330010 exec_us=10 slack_us=9990 overrun=false
TICK tick=934 ts_ms=9340
TIMING tick=934 ts_start_us=9340000 ts_end_us=9340010 exec_us=10 slack_us=9990 overrun=false
TICK tick=935 ts_ms=9350
TIMING tick=935 ts_start_us=9350000 ts_end_us=9350010 exec_us=10 slack_us=9990 overrun=false
TICK tick=936 ts_ms=9360
TIMING tick=936 ts_start_us=9360000 ts_end_us=9360010 exec_us=10 slack_us=9990 overrun=false
TICK tick=937 ts_ms=9370
TIMING tick=937 ts_start_us=9370000 ts_end_us=9370010 exec_us=10 slack_us=9990 overrun=false
TICK tick=938 ts_ms=9380
TIMING tick=938 ts_start_us=9380000 ts_end_us=9380010 exec_us=10 slack_us=9990 overrun=false
TICK tick=939 ts_ms=9390
TIMING tick=939 ts_start_us=9390000 ts_end_us=9390010 exec_us=10 slack_us=9990 overrun=false
TICK tick=940 ts_ms=9400
TIMING tick=940 ts_start_us=9400000 ts_end_us=9400010 exec_us=10 slack_us=9990 overrun=false
TICK tick=941 ts_ms=9410
TIMING tick=941 ts_start_us=9410000 ts_end_us=9410010 exec_us=10 slack_us=9990 overrun=false
TICK tick=942 ts_ms=9420
TIMING tick=942 ts_start_us=9420000 ts_end_us=9420010 exec_us=10 slack_us=9990 overrun=false
TICK tick=943 ts_ms=9430
TIMING tick=943 ts_start_us=9430000 ts_end_us=9430010 exec_us=10 slack_us=9990 overrun=false
TICK tick=944 ts_ms=9440
TIMING tick=944 ts_start_us=9440000 ts_end_us=9440010 exec_us=10 slack_us=9990 overrun=false
TICK tick=945 ts_ms=9450
TIMING tick=945 ts_start_us=9450000 ts_end_us=9450010 exec_us=10 slack_us=9990 overrun=false
TICK tick=946 ts_ms=9460
TIMING tick=946 ts_start_us=9460000 ts_end_us=9460010 exec_us=10 slack_us=9990 overrun=false
TICK tick=947 ts_ms=9470
TIMING tick=947 ts_start_us=9470000 ts_end_us=9470010 exec_us=10 slack_us=9990 overrun=false
TICK tick=948 ts_ms=9480
TIMING tick=948 ts_start_us=9480000 ts_end_us=9480010 exec_us=10 slack_us=9990 overrun=false
TICK tick=949 ts_ms=9490
TIMING tick=949 ts_start_us=9490000 ts_end_us=9490010 exec_us=10 slack_us=9990 overrun=false
TICK tick=950 ts_ms=9500
TIMING tick=950 ts_start_us=9500000 ts_end_us=9500010 exec_us=10 slack_us=9990 overrun=false
TICK tick=951 ts_ms=9510
TIMING tick=951 ts_start_us=9510000 ts_end_us=9510010 exec_us=10 slack_us=9990 overrun=false
TICK tick=952 ts_ms=9520
TIMING tick=952 ts_start_us=9520000 ts_end_us=9520010 exec_us=10 slack_us=9990 overrun=false
TICK tick=953 ts_ms=9530
TIMING tick=953 ts_start_us=9530000 ts_end_us=9530010 exec_us=10 slack_us=9990 overrun=false
TICK tick=954 ts_ms=9540
TIMING tick=954 ts_start_us=9540000 ts_end_us=9540010 exec_us=10 slack_us=9990 overrun=false
TICK tick=955 ts_ms=9550
TIMING tick=955 ts_start_us=9550000 ts_end_us=9550010 exec_us=10 slack_us=9990 overrun=false
TICK tick=956 ts_ms=9560
TIMING tick=956 ts_start_us=9560000 ts_end_us=9560010 exec_us=10 slack_us=9990 overrun=false
TICK tick=957 ts_ms=9570
TIMING tick=957 ts_start_us=9570000 ts_end_us=9570010 exec_us=10 slack_us=9990 overrun=false
TICK tick=958 ts_ms=9580
TIMING tick=958 ts_start_us=9580000 ts_end_us=9580010 exec_us=10 slack_us=9990 overrun=false
TICK tick=959 ts_ms=9590
TIMING tick=959 ts_start_us=9590000 ts_end_us=9590010 exec_us=10 slack_us=9990 overrun=false
TICK tick=960 ts_ms=9600
TIMING tick=960 ts_start_us=9600000 ts_end_us=9600010 exec_us=10 slack_us=9990 overrun=false
TICK tick=961 ts_ms=9610
TIMING tick=961 ts_start_us=9610000 ts_end_us=9610010 exec_us=10 slack_us=9990 overrun=false
TICK tick=962 ts_ms=9620
TIMING tick=962 ts_start_us=9620000 ts_end_us=9620010 exec_us=10 slack_us=9990 overrun=false
TICK tick=963 ts_ms=9630
TIMING tick=963 ts_start_us=9630000 ts_end_us=9630010 exec_us=10 slack_us=9990 overrun=false
TICK tick=964 ts_ms=9640
TIMING tick=964 ts_start_us=9640000 ts_end_us=9640010 exec_us=10 slack_us=9990 overrun=false
TICK tick=965 ts_ms=9650
TIMING tick=965 ts_start_us=9650000 ts_end_us=9650010 exec_us=10 slack_us=9990 overrun=false
TICK tick=966 ts_ms=9660
TIMING tick=966 ts_start_us=9660000 ts_end_us=9660010 exec_us=10 slack_us=9990 overrun=false
TICK tick=967 ts_ms=9670
TIMING tick=967 ts_start_us=9670000 ts_end_us=9670010 exec_us=10 slack_us=9990 overrun=false
TICK tick=968 ts_ms=9680
TIMING tick=968 ts_start_us=9680000 ts_end_us=9680010 exec_us=10 slack_us=9990 overrun=false
TICK tick=969 ts_ms=9690
TIMING tick=969 ts_start_us=9690000 ts_end_us=9690010 exec_us=10 slack_us=9990 overrun=false
TICK tick=970 ts_ms=9700
TIMING tick=970 ts_start_us=9700000 ts_end_us=9700010 exec_us=10 slack_us=9990 overrun=false
TICK tick=971 ts_ms=9710
TIMING tick=971 ts_start_us=9710000 ts_end_us=9710010 exec_us=10 slack_us=9990 overrun=false
TICK tick=972 ts_ms=9720
TIMING tick=972 ts_start_us=9720000 ts_end_us=9720010 exec_us=10 slack_us=9990 overrun=false
TICK tick=973 ts_ms=9730
TIMING tick=973 ts_start_us=9730000 ts_end_us=9730010 exec_us=10 slack_us=9990 overrun=false
TICK tick=974 ts_ms=9740
TIMING tick=974 ts_start_us=9740000 ts_end_us=9740010 exec_us=10 slack_us=9990 overrun=false
TICK tick=975 ts_ms=9750
TIMING tick=975 ts_start_us=9750000 ts_end_us=9750010 exec_us=10 slack_us=9990 overrun=false
TICK tick=976 ts_ms=9760
TIMING tick=976 ts_start_us=9760000 ts_end_us=9760010 exec_us=10 slack_us=9990 overrun=false
TICK tick=977 ts_ms=9770
TIMING tick=977 ts_start_us=9770000 ts_end_us=9770010 exec_us=10 slack_us=9990 overrun=false
TICK tick=978 ts_ms=9780
TIMING tick=978 ts_start_us=9780000 ts_end_us=9780010 exec_us=10 slack_us=9990 overrun=false
TICK tick=979 ts_ms=9790
TIMING tick=979 ts_start_us=9790000 ts_end_us=9790010 exec_us=10 slack_us=9990 overrun=false
TICK tick=980 ts_ms=9800
TIMING tick=980 ts_start_us=9800000 ts_end_us=9800010 exec_us=10 slack_us=9990 overrun=false
TICK tick=981 ts_ms=9810
TIMING tick=981 ts_start_us=9810000 ts_end_us=9810010 exec_us=10 slack_us=9990 overrun=false
TICK tick=982 ts_ms=9820
TIMING tick=982 ts_start_us=9820000 ts_end_us=9820010 exec_us=10 slack_us=9990 overrun=false
TICK tick=983 ts_ms=9830
TIMING tick=983 ts_start_us=9830000 ts_end_us=9830010 exec_us=10 slack_us=9990 overrun=false
TICK tick=984 ts_ms=9840
TIMING tick=984 ts_start_us=9840000 ts_end_us=9840010 exec_us=10 slack_us=9990 overrun=false
TICK tick=985 ts_ms=9850
TIMING tick=985 ts_start_us=9850000 ts_end_us=9850010 exec_us=10 slack_us=9990 overrun=false
TICK tick=986 ts_ms=9860
TIMING tick=986 ts_start_us=9860000 ts_end_us=9860010 exec_us=10 slack_us=9990 overrun=false
TICK tick=987 ts_ms=9870
TIMING tick=987 ts_start_us=9870000 ts_end_us=9870010 exec_us=10 slack_us=9990 overrun=false
TICK tick=988 ts_ms=9880
TIMING tick=988 ts_start_us=9880000 ts_end_us=9880010 exec_us=10 slack_us=9990 overrun=false
TICK tick=989 ts_ms=9890
TIMING tick=989 ts_start_us=9890000 ts_end_us=9890010 exec_us=10 slack_us=9990 overrun=false
TICK tick=990 ts_ms=9900
TIMING tick=990 ts_start_us=9900000 ts_end_us=9900010 exec_us=10 slack_us=9990 overrun=false
TICK tick=991 ts_ms=9910
TIMING tick=991 ts_start_us=9910000 ts_end_us=9910010 exec_us=10 slack_us=9990 overrun=false
TICK tick=992 ts_ms=9920
TIMING tick=992 ts_start_us=9920000 ts_end_us=9920010 exec_us=10 slack_us=9990 overrun=false
TICK tick=993 ts_ms=9930
TIMING tick=993 ts_start_us=9930000 ts_end_us=9930010 exec_us=10 slack_us=9990 overrun=false
TICK tick=994 ts_ms=9940
TIMING tick=994 ts_start_us=9940000 ts_end_us=9940010 exec_us=10 slack_us=9990 overrun=false
TICK tick=995 ts_ms=9950
TIMING tick=995 ts_start_us=9950000 ts_end_us=9950010 exec_us=10 slack_us=9990 overrun=false
TICK tick=996 ts_ms=9960
TIMING tick=996 ts_start_us=9960000 ts_end_us=9960010 exec_us=10 slack_us=9990 overrun=false
TICK tick=997 ts_ms=9970
TIMING tick=997 ts_start_us=9970000 ts_end_us=9970010 exec_us=10 slack_us=9990 overrun=false
TICK tick=998 ts_ms=9980
TIMING tick=998 ts_start_us=9980000 ts_end_us=9980010 exec_us=10 slack_us=9990 overrun=false
TICK tick=999 ts_ms=9990
TIMING tick=999 ts_start_us=9990000 ts_end_us=9990010 exec_us=10 slack_us=9990 overrun=false
TICK tick=1000 ts_ms=10000
TIMING tick=1000 ts_start_us=10000000 ts_end_us=10000010 exec_us=10 slack_us=9990 overrun=false
TICK tick=1001 ts_ms=10010
TIMING tick=1001 ts_start_us=10010000 ts_end_us=10010010 exec_us=10 slack_us=9990 overrun=false
TICK tick=1002 ts_ms=10020
TIMING tick=1002 ts_start_us=10020000 ts_end_us=10020010 exec_us=10 slack_us=9990 overrun=false
TICK tick=1003 ts_ms=10030
TIMING tick=1003 ts_start_us=10030000 ts_end_us=10030010 exec_us=10 slack_us=9990 overrun=false
TICK tick=1004 ts_ms=10040
TIMING tick=1004 ts_start_us=10040000 ts_end_us=10040010 exec_us=10 slack_us=9990 overrun=false
TICK tick=1005 ts_ms=10050
TIMING tick=1005 ts_start_us=10050000 ts_end_us=10050010 exec_us=10 slack_us=9990 overrun=false
TICK tick=1006 ts_ms=10060
TIMING tick=1006 ts_start_us=10060000 ts_end_us=10060010 exec_us=10 slack_us=9990 overrun=false
TICK tick=1007 ts_ms=10070
TIMING tick=1007 ts_start_us=10070000 ts_end_us=10070010 exec_us=10 slack_us=9990 overrun=false
TICK tick=1008 ts_ms=10080
TIMING tick=1008 ts_start_us=10080000 ts_end_us=10080010 exec_us=10 slack_us=9990 overrun=false
TICK tick=1009 ts_ms=10090
TIMING tick=1009 ts_start_us=10090000 ts_end_us=10090010 exec_us=10 slack_us=9990 overrun=false
TICK tick=1010 ts_ms=10100
TIMING tick=1010 ts_start_us=10100000 ts_end_us=10100010 exec_us=10 slack_us=9990 overrun=false
TICK tick=1011 ts_ms=10110
TIMING tick=1011 ts_start_us=10110000 ts_end_us=10110010 exec_us=10 slack_us=9990 overrun=false
TICK tick=1012 ts_ms=10120
TIMING tick=1012 ts_start_us=10120000 ts_end_us=10120010 exec_us=10 slack_us=9990 overrun=false
TICK tick=1013 ts_ms=10130
TIMING tick=1013 ts_start_us=10130000 ts_end_us=10130010 exec_us=10 slack_us=9990 overrun=false
TICK tick=1014 ts_ms=10140
TIMING tick=1014 ts_start_us=10140000 ts_end_us=10140010 exec_us=10 slack_us=9990 overrun=false
TICK tick=1015 ts_ms=10150
TIMING tick=1015 ts_start_us=10150000 ts_end_us=10150010 exec_us=10 slack_us=9990 overrun=false
TICK tick=1016 ts_ms=10160
TIMING tick=1016 ts_start_us=10160000 ts_end_us=10160010 exec_us=10 slack_us=9990 overrun=false
TICK tick=1017 ts_ms=10170
TIMING tick=1017 ts_start_us=10170000 ts_end_us=10170010 exec_us=10 slack_us=9990 overrun=false
TICK tick=1018 ts_ms=10180
TIMING tick=1018 ts_start_us=10180000 ts_end_us=10180010 exec_us=10 slack_us=9990 overrun=false
TICK tick=1019 ts_ms=10190
TIMING tick=1019 ts_start_us=10190000 ts_end_us=10190010 exec_us=10 slack_us=9990 overrun=false
TICK tick=1020 ts_ms=10200
TIMING tick=1020 ts_start_us=10200000 ts_end_us=10200010 exec_us=10 slack_us=9990 overrun=false
TICK tick=1021 ts_ms=10210
TIMING tick=1021 ts_start_us=10210000 ts_end_us=10210010 exec_us=10 slack_us=9990 overrun=false
TICK tick=1022 ts_ms=10220
TIMING tick=1022 ts_start_us=10220000 ts_end_us=10220010 exec_us=10 slack_us=9990 overrun=false
TICK tick=1023 ts_ms=10230
TIMING tick=1023 ts_start_us=10230000 ts_end_us=10230010 exec_us=10 slack_us=9990 overrun=false
TICK tick=1024 ts_ms=10240
TIMING tick=1024 ts_start_us=10240000 ts_end_us=10240010 exec_us=10 slack_us=9990 overrun=false
TICK tick=1025 ts_ms=10250
TIMING tick=1025 ts_start_us=10250000 ts_end_us=10250010 exec_us=10 slack_us=9990 overrun=false
TICK tick=1026 ts_ms=10260
TIMING tick=1026 ts_start_us=10260000 ts_end_us=10260010 exec_us=10 slack_us=9990 overrun=false
TICK tick=1027 ts_ms=10270
TIMING tick=1027 ts_start_us=10270000 ts_end_us=10270010 exec_us=10 slack_us=9990 overrun=false
TICK tick=1028 ts_ms=10280
TIMING tick=1028 ts_start_us=10280000 ts_end_us=10280010 exec_us=10 slack_us=9990 overrun=false
TICK tick=1029 ts_ms=10290
TIMING tick=1029 ts_start_us=10290000 ts_end_us=10290010 exec_us=10 slack_us=9990 overrun=false
TICK tick=1030 ts_ms=10300
TIMING tick=1030 ts_start_us=10300000 ts_end_us=10300010 exec_us=10 slack_us=9990 overrun=false
TICK tick=1031 ts_ms=10310
TIMING tick=1031 ts_start_us=10310000 ts_end_us=10310010 exec_us=10 slack_us=9990 overrun=false
TICK tick=1032 ts_ms=10320
TIMING tick=1032 ts_start_us=10320000 ts_end_us=10320010 exec_us=10 slack_us=9990 overrun=false
TICK tick=1033 ts_ms=10330
TIMING tick=1033 ts_start_us=10330000 ts_end_us=10330010 exec_us=10 slack_us=9990 overrun=false
TICK tick=1034 ts_ms=10340
TIMING tick=1034 ts_start_us=10340000 ts_end_us=10340010 exec_us=10 slack_us=9990 overrun=false
TICK tick=1035 ts_ms=10350
TIMING tick=1035 ts_start_us=10350000 ts_end_us=10350010 exec_us=10 slack_us=9990 overrun=false
TICK tick=1036 ts_ms=10360
TIMING tick=1036 ts_start_us=10360000 ts_end_us=10360010 exec_us=10 slack_us=9990 overrun=false
TICK tick=1037 ts_ms=10370
TIMING tick=1037 ts_start_us=10370000 ts_end_us=10370010 exec_us=10 slack_us=9990 overrun=false
TICK tick=1038 ts_ms=10380
TIMING tick=1038 ts_start_us=10380000 ts_end_us=10380010 exec_us=10 slack_us=9990 overrun=false
TICK tick=1039 ts_ms=10390
TIMING tick=1039 ts_start_us=10390000 ts_end_us=10390010 exec_us=10 slack_us=9990 overrun=false
TICK tick=1040 ts_ms=10400
TIMING tick=1040 ts_start_us=10400000 ts_end_us=10400010 exec_us=10 slack_us=9990 overrun=false
TICK tick=1041 ts_ms=10410
TIMING tick=1041 ts_start_us=10410000 ts_end_us=10410010 exec_us=10 slack_us=9990 overrun=false
TICK tick=1042 ts_ms=10420
TIMING tick=1042 ts_start_us=10420000 ts_end_us=10420010 exec_us=10 slack_us=9990 overrun=false
TICK tick=1043 ts_ms=10430
TIMING tick=1043 ts_start_us=10430000 ts_end_us=10430010 exec_us=10 slack_us=9990 overrun=false
TICK tick=1044 ts_ms=10440
TIMING tick=1044 ts_start_us=10440000 ts_end_us=10440010 exec_us=10 slack_us=9990 overrun=false
TICK tick=1045 ts_ms=10450
TIMING tick=1045 ts_start_us=10450000 ts_end_us=10450010 exec_us=10 slack_us=9990 overrun=false
TICK tick=1046 ts_ms=10460
TIMING tick=1046 ts_start_us=10460000 ts_end_us=10460010 exec_us=10 slack_us=9990 overrun=false
TICK tick=1047 ts_ms=10470
TIMING tick=1047 ts_start_us=10470000 ts_end_us=10470010 exec_us=10 slack_us=9990 overrun=false
TICK tick=1048 ts_ms=10480
TIMING tick=1048 ts_start_us=10480000 ts_end_us=10480010 exec_us=10 slack_us=9990 overrun=false
TICK tick=1049 ts_ms=10490
TIMING tick=1049 ts_start_us=10490000 ts_end_us=10490010 exec_us=10 slack_us=9990 overrun=false
TICK tick=1050 ts_ms=10500
TIMING tick=1050 ts_start_us=10500000 ts_end_us=10500010 exec_us=10 slack_us=9990 overrun=false
TICK tick=1051 ts_ms=10510
TIMING tick=1051 ts_start_us=10510000 ts_end_us=10510010 exec_us=10 slack_us=9990 overrun=false
TICK tick=1052 ts_ms=10520
TIMING tick=1052 ts_start_us=10520000 ts_end_us=10520010 exec_us=10 slack_us=9990 overrun=false
TICK tick=1053 ts_ms=10530
TIMING tick=1053 ts_start_us=10530000 ts_end_us=10530010 exec_us=10 slack_us=9990 overrun=false
TICK tick=1054 ts_ms=10540
TIMING tick=1054 ts_start_us=10540000 ts_end_us=10540010 exec_us=10 slack_us=9990 overrun=false
TICK tick=1055 ts_ms=10550
TIMING tick=1055 ts_start_us=10550000 ts_end_us=10550010 exec_us=10 slack_us=9990 overrun=false
TICK tick=1056 ts_ms=10560
TIMING tick=1056 ts_start_us=10560000 ts_end_us=10560010 exec_us=10 slack_us=9990 overrun=false
TICK tick=1057 ts_ms=10570
TIMING tick=1057 ts_start_us=10570000 ts_end_us=10570010 exec_us=10 slack_us=9990 overrun=false
TICK tick=1058 ts_ms=10580
TIMING tick=1058 ts_start_us=10580000 ts_end_us=10580010 exec_us=10 slack_us=9990 overrun=false
TICK tick=1059 ts_ms=10590
TIMING tick=1059 ts_start_us=10590000 ts_end_us=10590010 exec_us=10 slack_us=9990 overrun=false
TICK tick=1060 ts_ms=10600
TIMING tick=1060 ts_start_us=10600000 ts_end_us=10600010 exec_us=10 slack_us=9990 overrun=false
TICK tick=1061 ts_ms=10610
TIMING tick=1061 ts_start_us=10610000 ts_end_us=10610010 exec_us=10 slack_us=9990 overrun=false
TICK tick=1062 ts_ms=10620
TIMING tick=1062 ts_start_us=10620000 ts_end_us=10620010 exec_us=10 slack_us=9990 overrun=false
TICK tick=1063 ts_ms=10630
TIMING tick=1063 ts_start_us=10630000 ts_end_us=10630010 exec_us=10 slack_us=9990 overrun=false
TICK tick=1064 ts_ms=10640
TIMING tick=1064 ts_start_us=10640000 ts_end_us=10640010 exec_us=10 slack_us=9990 overrun=false
TICK tick=1065 ts_ms=10650
TIMING tick=1065 ts_start_us=10650000 ts_end_us=10650010 exec_us=10 slack_us=9990 overrun=false
TICK tick=1066 ts_ms=10660
TIMING tick=1066 ts_start_us=10660000 ts_end_us=10660010 exec_us=10 slack_us=9990 overrun=false
TICK tick=1067 ts_ms=10670
TIMING tick=1067 ts_start_us=10670000 ts_end_us=10670010 exec_us=10 slack_us=9990 overrun=false
TICK tick=1068 ts_ms=10680
TIMING tick=1068 ts_start_us=10680000 ts_end_us=10680010 exec_us=10 slack_us=9990 overrun=false
TICK tick=1069 ts_ms=10690
TIMING tick=1069 ts_start_us=10690000 ts_end_us=10690010 exec_us=10 slack_us=9990 overrun=false
TICK tick=1070 ts_ms=10700
TIMING tick=1070 ts_start_us=10700000 ts_end_us=10700010 exec_us=10 slack_us=9990 overrun=false
TICK tick=1071 ts_ms=10710
TIMING tick=1071 ts_start_us=10710000 ts_end_us=10710010 exec_us=10 slack_us=9990 overrun=false
TICK tick=1072 ts_ms=10720
TIMING tick=1072 ts_start_us=10720000 ts_end_us=10720010 exec_us=10 slack_us=9990 overrun=false
TICK tick=1073 ts_ms=10730
TIMING tick=1073 ts_start_us=10730000 ts_end_us=10730010 exec_us=10 slack_us=9990 overrun=false
TICK tick=1074 ts_ms=10740
TIMING tick=1074 ts_start_us=10740000 ts_end_us=10740010 exec_us=10 slack_us=9990 overrun=false
TICK tick=1075 ts_ms=10750
TIMING tick=1075 ts_start_us=10750000 ts_end_us=10750010 exec_us=10 slack_us=9990 overrun=false
TICK tick=1076 ts_ms=10760
TIMING tick=1076 ts_start_us=10760000 ts_end_us=10760010 exec_us=10 slack_us=9990 overrun=false
TICK tick=1077 ts_ms=10770
TIMING tick=1077 ts_start_us=10770000 ts_end_us=10770010 exec_us=10 slack_us=9990 overrun=false
TICK tick=1078 ts_ms=10780
TIMING tick=1078 ts_start_us=10780000 ts_end_us=10780010 exec_us=10 slack_us=9990 overrun=false
TICK tick=1079 ts_ms=10790
TIMING tick=1079 ts_start_us=10790000 ts_end_us=10790010 exec_us=10 slack_us=9990 overrun=false
TICK tick=1080 ts_ms=10800
TIMING tick=1080 ts_start_us=10800000 ts_end_us=10800010 exec_us=10 slack_us=9990 overrun=false
TICK tick=1081 ts_ms=10810
TIMING tick=1081 ts_start_us=10810000 ts_end_us=10810010 exec_us=10 slack_us=9990 overrun=false
TICK tick=1082 ts_ms=10820
TIMING tick=1082 ts_start_us=10820000 ts_end_us=10820010 exec_us=10 slack_us=9990 overrun=false
TICK tick=1083 ts_ms=10830
TIMING tick=1083 ts_start_us=10830000 ts_end_us=10830010 exec_us=10 slack_us=9990 overrun=false
TICK tick=1084 ts_ms=10840
TIMING tick=1084 ts_start_us=10840000 ts_end_us=10840010 exec_us=10 slack_us=9990 overrun=false
TICK tick=1085 ts_ms=10850
TIMING tick=1085 ts_start_us=10850000 ts_end_us=10850010 exec_us=10 slack_us=9990 overrun=false
TICK tick=1086 ts_ms=10860
TIMING tick=1086 ts_start_us=10860000 ts_end_us=10860010 exec_us=10 slack_us=9990 overrun=false
TICK tick=1087 ts_ms=10870
TIMING tick=1087 ts_start_us=10870000 ts_end_us=10870010 exec_us=10 slack_us=9990 overrun=false
TICK tick=1088 ts_ms=10880
TIMING tick=1088 ts_start_us=10880000 ts_end_us=10880010 exec_us=10 slack_us=9990 overrun=false
TICK tick=1089 ts_ms=10890
TIMING tick=1089 ts_start_us=10890000 ts_end_us=10890010 exec_us=10 slack_us=9990 overrun=false
TICK tick=1090 ts_ms=10900
TIMING tick=1090 ts_start_us=10900000 ts_end_us=10900010 exec_us=10 slack_us=9990 overrun=false
TICK tick=1091 ts_ms=10910
TIMING tick=1091 ts_start_us=10910000 ts_end_us=10910010 exec_us=10 slack_us=9990 overrun=false
TICK tick=1092 ts_ms=10920
TIMING tick=1092 ts_start_us=10920000 ts_end_us=10920010 exec_us=10 slack_us=9990 overrun=false
TICK tick=1093 ts_ms=10930
TIMING tick=1093 ts_start_us=10930000 ts_end_us=10930010 exec_us=10 slack_us=9990 overrun=false
TICK tick=1094 ts_ms=10940
TIMING tick=1094 ts_start_us=10940000 ts_end_us=10940010 exec_us=10 slack_us=9990 overrun=false
TICK tick=1095 ts_ms=10950
TIMING tick=1095 ts_start_us=10950000 ts_end_us=10950010 exec_us=10 slack_us=9990 overrun=false
TICK tick=1096 ts_ms=10960
TIMING tick=1096 ts_start_us=10960000 ts_end_us=10960010 exec_us=10 slack_us=9990 overrun=false
TICK tick=1097 ts_ms=10970
TIMING tick=1097 ts_start_us=10970000 ts_end_us=10970010 exec_us=10 slack_us=9990 overrun=false
TICK tick=1098 ts_ms=10980
TIMING tick=1098 ts_start_us=10980000 ts_end_us=10980010 exec_us=10 slack_us=9990 overrun=false
TICK tick=1099 ts_ms=10990
TIMING tick=1099 ts_start_us=10990000 ts_end_us=10990010 exec_us=10 slack_us=9990 overrun=false
TICK tick=1100 ts_ms=11000
TIMING tick=1100 ts_start_us=11000000 ts_end_us=11000010 exec_us=10 slack_us=9990 overrun=false
TICK tick=1101 ts_ms=11010
TIMING tick=1101 ts_start_us=11010000 ts_end_us=11010010 exec_us=10 slack_us=9990 overrun=false
TICK tick=1102 ts_ms=11020
TIMING tick=1102 ts_start_us=11020000 ts_end_us=11020010 exec_us=10 slack_us=9990 overrun=false
TICK tick=1103 ts_ms=11030
TIMING tick=1103 ts_start_us=11030000 ts_end_us=11030010 exec_us=10 slack_us=9990 overrun=false
TICK tick=1104 ts_ms=11040
TIMING tick=1104 ts_start_us=11040000 ts_end_us=11040010 exec_us=10 slack_us=9990 overrun=false
TICK tick=1105 ts_ms=11050
TIMING tick=1105 ts_start_us=11050000 ts_end_us=11050010 exec_us=10 slack_us=9990 overrun=false
TICK tick=1106 ts_ms=11060
TIMING tick=1106 ts_start_us=11060000 ts_end_us=11060010 exec_us=10 slack_us=9990 overrun=false
TICK tick=1107 ts_ms=11070
TIMING tick=1107 ts_start_us=11070000 ts_end_us=11070010 exec_us=10 slack_us=9990 overrun=false
TICK tick=1108 ts_ms=11080
TIMING tick=1108 ts_start_us=11080000 ts_end_us=11080010 exec_us=10 slack_us=9990 overrun=false
TICK tick=1109 ts_ms=11090
TIMING tick=1109 ts_start_us=11090000 ts_end_us=11090010 exec_us=10 slack_us=9990 overrun=false
TICK tick=1110 ts_ms=11100
TIMING tick=1110 ts_start_us=11100000 ts_end_us=11100010 exec_us=10 slack_us=9990 overrun=false
TICK tick=1111 ts_ms=11110
TIMING tick=1111 ts_start_us=11110000 ts_end_us=11110010 exec_us=10 slack_us=9990 overrun=false
TICK tick=1112 ts_ms=11120
TIMING tick=1112 ts_start_us=11120000 ts_end_us=11120010 exec_us=10 slack_us=9990 overrun=false
TICK tick=1113 ts_ms=11130
TIMING tick=1113 ts_start_us=11130000 ts_end_us=11130010 exec_us=10 slack_us=9990 overrun=false
TICK tick=1114 ts_ms=11140
TIMING tick=1114 ts_start_us=11140000 ts_end_us=11140010 exec_us=10 slack_us=9990 overrun=false
TICK tick=1115 ts_ms=11150
TIMING tick=1115 ts_start_us=11150000 ts_end_us=11150010 exec_us=10 slack_us=9990 overrun=false
TICK tick=1116 ts_ms=11160
TIMING tick=1116 ts_start_us=11160000 ts_end_us=11160010 exec_us=10 slack_us=9990 overrun=false
TICK tick=1117 ts_ms=11170
TIMING tick=1117 ts_start_us=11170000 ts_end_us=11170010 exec_us=10 slack_us=9990 overrun=false
TICK tick=1118 ts_ms=11180
TIMING tick=1118 ts_start_us=11180000 ts_end_us=11180010 exec_us=10 slack_us=9990 overrun=false
TICK tick=1119 ts_ms=11190
TIMING tick=1119 ts_start_us=11190000 ts_end_us=11190010 exec_us=10 slack_us=9990 overrun=false
TICK tick=1120 ts_ms=11200
TIMING tick=1120 ts_start_us=11200000 ts_end_us=11200010 exec_us=10 slack_us=9990 overrun=false
TICK tick=1121 ts_ms=11210
TIMING tick=1121 ts_start_us=11210000 ts_end_us=11210010 exec_us=10 slack_us=9990 overrun=false
TICK tick=1122 ts_ms=11220
TIMING tick=1122 ts_start_us=11220000 ts_end_us=11220010 exec_us=10 slack_us=9990 overrun=false
TICK tick=1123 ts_ms=11230
TIMING tick=1123 ts_start_us=11230000 ts_end_us=11230010 exec_us=10 slack_us=9990 overrun=false
TICK tick=1124 ts_ms=11240
TIMING tick=1124 ts_start_us=11240000 ts_end_us=11240010 exec_us=10 slack_us=9990 overrun=false
TICK tick=1125 ts_ms=11250
TIMING tick=1125 ts_start_us=11250000 ts_end_us=11250010 exec_us=10 slack_us=9990 overrun=false
TICK tick=1126 ts_ms=11260
TIMING tick=1126 ts_start_us=11260000 ts_end_us=11260010 exec_us=10 slack_us=9990 overrun=false
TICK tick=1127 ts_ms=11270
TIMING tick=1127 ts_start_us=11270000 ts_end_us=11270010 exec_us=10 slack_us=9990 overrun=false
TICK tick=1128 ts_ms=11280
TIMING tick=1128 ts_start_us=11280000 ts_end_us=11280010 exec_us=10 slack_us=9990 overrun=false
TICK tick=1129 ts_ms=11290
TIMING tick=1129 ts_start_us=11290000 ts_end_us=11290010 exec_us=10 slack_us=9990 overrun=false
TICK tick=1130 ts_ms=11300
TIMING tick=1130 ts_start_us=11300000 ts_end_us=11300010 exec_us=10 slack_us=9990 overrun=false
TICK tick=1131 ts_ms=11310
TIMING tick=1131 ts_start_us=11310000 ts_end_us=11310010 exec_us=10 slack_us=9990 overrun=false
TICK tick=1132 ts_ms=11320
TIMING tick=1132 ts_start_us=11320000 ts_end_us=11320010 exec_us=10 slack_us=9990 overrun=false
TICK tick=1133 ts_ms=11330
TIMING tick=1133 ts_start_us=11330000 ts_end_us=11330010 exec_us=10 slack_us=9990 overrun=false
TICK tick=1134 ts_ms=11340
TIMING tick=1134 ts_start_us=11340000 ts_end_us=11340010 exec_us=10 slack_us=9990 overrun=false
TICK tick=1135 ts_ms=11350
TIMING tick=1135 ts_start_us=11350000 ts_end_us=11350010 exec_us=10 slack_us=9990 overrun=false
TICK tick=1136 ts_ms=11360
TIMING tick=1136 ts_start_us=11360000 ts_end_us=11360010 exec_us=10 slack_us=9990 overrun=false
TICK tick=1137 ts_ms=11370
TIMING tick=1137 ts_start_us=11370000 ts_end_us=11370010 exec_us=10 slack_us=9990 overrun=false
TICK tick=1138 ts_ms=11380
TIMING tick=1138 ts_start_us=11380000 ts_end_us=11380010 exec_us=10 slack_us=9990 overrun=false
TICK tick=1139 ts_ms=11390
TIMING tick=1139 ts_start_us=11390000 ts_end_us=11390010 exec_us=10 slack_us=9990 overrun=false
TICK tick=1140 ts_ms=11400
TIMING tick=1140 ts_start_us=11400000 ts_end_us=11400010 exec_us=10 slack_us=9990 overrun=false
TICK tick=1141 ts_ms=11410
TIMING tick=1141 ts_start_us=11410000 ts_end_us=11410010 exec_us=10 slack_us=9990 overrun=false
TICK tick=1142 ts_ms=11420
TIMING tick=1142 ts_start_us=11420000 ts_end_us=11420010 exec_us=10 slack_us=9990 overrun=false
TICK tick=1143 ts_ms=11430
TIMING tick=1143 ts_start_us=11430000 ts_end_us=11430010 exec_us=10 slack_us=9990 overrun=false
TICK tick=1144 ts_ms=11440
TIMING tick=1144 ts_start_us=11440000 ts_end_us=11440010 exec_us=10 slack_us=9990 overrun=false
TICK tick=1145 ts_ms=11450
TIMING tick=1145 ts_start_us=11450000 ts_end_us=11450010 exec_us=10 slack_us=9990 overrun=false
TICK tick=1146 ts_ms=11460
TIMING tick=1146 ts_start_us=11460000 ts_end_us=11460010 exec_us=10 slack_us=9990 overrun=false
TICK tick=1147 ts_ms=11470
TIMING tick=1147 ts_start_us=11470000 ts_end_us=11470010 exec_us=10 slack_us=9990 overrun=false
TICK tick=1148 ts_ms=11480
TIMING tick=1148 ts_start_us=11480000 ts_end_us=11480010 exec_us=10 slack_us=9990 overrun=false
TICK tick=1149 ts_ms=11490
TIMING tick=1149 ts_start_us=11490000 ts_end_us=11490010 exec_us=10 slack_us=9990 overrun=false
TICK tick=1150 ts_ms=11500
TIMING tick=1150 ts_start_us=11500000 ts_end_us=11500010 exec_us=10 slack_us=9990 overrun=false
TICK tick=1151 ts_ms=11510
TIMING tick=1151 ts_start_us=11510000 ts_end_us=11510010 exec_us=10 slack_us=9990 overrun=false
TICK tick=1152 ts_ms=11520
TIMING tick=1152 ts_start_us=11520000 ts_end_us=11520010 exec_us=10 slack_us=9990 overrun=false
TICK tick=1153 ts_ms=11530
TIMING tick=1153 ts_start_us=11530000 ts_end_us=11530010 exec_us=10 slack_us=9990 overrun=false
TICK tick=1154 ts_ms=11540
TIMING tick=1154 ts_start_us=11540000 ts_end_us=11540010 exec_us=10 slack_us=9990 overrun=false
TICK tick=1155 ts_ms=11550
TIMING tick=1155 ts_start_us=11550000 ts_end_us=11550010 exec_us=10 slack_us=9990 overrun=false
TICK tick=1156 ts_ms=11560
TIMING tick=1156 ts_start_us=11560000 ts_end_us=11560010 exec_us=10 slack_us=9990 overrun=false
TICK tick=1157 ts_ms=11570
TIMING tick=1157 ts_start_us=11570000 ts_end_us=11570010 exec_us=10 slack_us=9990 overrun=false
TICK tick=1158 ts_ms=11580
TIMING tick=1158 ts_start_us=11580000 ts_end_us=11580010 exec_us=10 slack_us=9990 overrun=false
TICK tick=1159 ts_ms=11590
TIMING tick=1159 ts_start_us=11590000 ts_end_us=11590010 exec_us=10 slack_us=9990 overrun=false
TICK tick=1160 ts_ms=11600
TIMING tick=1160 ts_start_us=11600000 ts_end_us=11600010 exec_us=10 slack_us=9990 overrun=false
TICK tick=1161 ts_ms=11610
TIMING tick=1161 ts_start_us=11610000 ts_end_us=11610010 exec_us=10 slack_us=9990 overrun=false
TICK tick=1162 ts_ms=11620
TIMING tick=1162 ts_start_us=11620000 ts_end_us=11620010 exec_us=10 slack_us=9990 overrun=false
TICK tick=1163 ts_ms=11630
TIMING tick=1163 ts_start_us=11630000 ts_end_us=11630010 exec_us=10 slack_us=9990 overrun=false
TICK tick=1164 ts_ms=11640
TIMING tick=1164 ts_start_us=11640000 ts_end_us=11640010 exec_us=10 slack_us=9990 overrun=false
TICK tick=1165 ts_ms=11650
TIMING tick=1165 ts_start_us=11650000 ts_end_us=11650010 exec_us=10 slack_us=9990 overrun=false
TICK tick=1166 ts_ms=11660
TIMING tick=1166 ts_start_us=11660000 ts_end_us=11660010 exec_us=10 slack_us=9990 overrun=false
TICK tick=1167 ts_ms=11670
TIMING tick=1167 ts_start_us=11670000 ts_end_us=11670010 exec_us=10 slack_us=9990 overrun=false
TICK tick=1168 ts_ms=11680
TIMING tick=1168 ts_start_us=11680000 ts_end_us=11680010 exec_us=10 slack_us=9990 overrun=false
TICK tick=1169 ts_ms=11690
TIMING tick=1169 ts_start_us=11690000 ts_end_us=11690010 exec_us=10 slack_us=9990 overrun=false
TICK tick=1170 ts_ms=11700
TIMING tick=1170 ts_start_us=11700000 ts_end_us=11700010 exec_us=10 slack_us=9990 overrun=false
TICK tick=1171 ts_ms=11710
TIMING tick=1171 ts_start_us=11710000 ts_end_us=11710010 exec_us=10 slack_us=9990 overrun=false
TICK tick=1172 ts_ms=11720
TIMING tick=1172 ts_start_us=11720000 ts_end_us=11720010 exec_us=10 slack_us=9990 overrun=false
TICK tick=1173 ts_ms=11730
TIMING tick=1173 ts_start_us=11730000 ts_end_us=11730010 exec_us=10 slack_us=9990 overrun=false
TICK tick=1174 ts_ms=11740
TIMING tick=1174 ts_start_us=11740000 ts_end_us=11740010 exec_us=10 slack_us=9990 overrun=false
TICK tick=1175 ts_ms=11750
TIMING tick=1175 ts_start_us=11750000 ts_end_us=11750010 exec_us=10 slack_us=9990 overrun=false
TICK tick=1176 ts_ms=11760
TIMING tick=1176 ts_start_us=11760000 ts_end_us=11760010 exec_us=10 slack_us=9990 overrun=false
TICK tick=1177 ts_ms=11770
TIMING tick=1177 ts_start_us=11770000 ts_end_us=11770010 exec_us=10 slack_us=9990 overrun=false
TICK tick=1178 ts_ms=11780
TIMING tick=1178 ts_start_us=11780000 ts_end_us=11780010 exec_us=10 slack_us=9990 overrun=false
TICK tick=1179 ts_ms=11790
TIMING tick=1179 ts_start_us=11790000 ts_end_us=11790010 exec_us=10 slack_us=9990 overrun=false
TICK tick=1180 ts_ms=11800
TIMING tick=1180 ts_start_us=11800000 ts_end_us=11800010 exec_us=10 slack_us=9990 overrun=false
TICK tick=1181 ts_ms=11810
TIMING tick=1181 ts_start_us=11810000 ts_end_us=11810010 exec_us=10 slack_us=9990 overrun=false
TICK tick=1182 ts_ms=11820
TIMING tick=1182 ts_start_us=11820000 ts_end_us=11820010 exec_us=10 slack_us=9990 overrun=false
TICK tick=1183 ts_ms=11830
TIMING tick=1183 ts_start_us=11830000 ts_end_us=11830010 exec_us=10 slack_us=9990 overrun=false
TICK tick=1184 ts_ms=11840
TIMING tick=1184 ts_start_us=11840000 ts_end_us=11840010 exec_us=10 slack_us=9990 overrun=false
TICK tick=1185 ts_ms=11850
TIMING tick=1185 ts_start_us=11850000 ts_end_us=11850010 exec_us=10 slack_us=9990 overrun=false
TICK tick=1186 ts_ms=11860
TIMING tick=1186 ts_start_us=11860000 ts_end_us=11860010 exec_us=10 slack_us=9990 overrun=false
TICK tick=1187 ts_ms=11870
TIMING tick=1187 ts_start_us=11870000 ts_end_us=11870010 exec_us=10 slack_us=9990 overrun=false
TICK tick=1188 ts_ms=11880
TIMING tick=1188 ts_start_us=11880000 ts_end_us=11880010 exec_us=10 slack_us=9990 overrun=false
TICK tick=1189 ts_ms=11890
TIMING tick=1189 ts_start_us=11890000 ts_end_us=11890010 exec_us=10 slack_us=9990 overrun=false
TICK tick=1190 ts_ms=11900
TIMING tick=1190 ts_start_us=11900000 ts_end_us=11900010 exec_us=10 slack_us=9990 overrun=false
TICK tick=1191 ts_ms=11910
TIMING tick=1191 ts_start_us=11910000 ts_end_us=11910010 exec_us=10 slack_us=9990 overrun=false
TICK tick=1192 ts_ms=11920
TIMING tick=1192 ts_start_us=11920000 ts_end_us=11920010 exec_us=10 slack_us=9990 overrun=false
TICK tick=1193 ts_ms=11930
TIMING tick=1193 ts_start_us=11930000 ts_end_us=11930010 exec_us=10 slack_us=9990 overrun=false
TICK tick=1194 ts_ms=11940
TIMING tick=1194 ts_start_us=11940000 ts_end_us=11940010 exec_us=10 slack_us=9990 overrun=false
TICK tick=1195 ts_ms=11950
TIMING tick=1195 ts_start_us=11950000 ts_end_us=11950010 exec_us=10 slack_us=9990 overrun=false
TICK tick=1196 ts_ms=11960
TIMING tick=1196 ts_start_us=11960000 ts_end_us=11960010 exec_us=10 slack_us=9990 overrun=false
TICK tick=1197 ts_ms=11970
TIMING tick=1197 ts_start_us=11970000 ts_end_us=11970010 exec_us=10 slack_us=9990 overrun=false
TICK tick=1198 ts_ms=11980
TIMING tick=1198 ts_start_us=11980000 ts_end_us=11980010 exec_us=10 slack_us=9990 overrun=false
TICK tick=1199 ts_ms=11990
TIMING tick=1199 ts_start_us=11990000 ts_end_us=11990010 exec_us=10 slack_us=9990 overrun=false
TICK tick=1200 ts_ms=12000
TIMING tick=1200 ts_start_us=12000000 ts_end_us=12000010 exec_us=10 slack_us=9990 overrun=false
TICK tick=1201 ts_ms=12010
TIMING tick=1201 ts_start_us=12010000 ts_end_us=12010010 exec_us=10 slack_us=9990 overrun=false
TICK tick=1202 ts_ms=12020
TIMING tick=1202 ts_start_us=12020000 ts_end_us=12020010 exec_us=10 slack_us=9990 overrun=false
TICK tick=1203 ts_ms=12030
TIMING tick=1203 ts_start_us=12030000 ts_end_us=12030010 exec_us=10 slack_us=9990 overrun=false
TICK tick=1204 ts_ms=12040
TIMING tick=1204 ts_start_us=12040000 ts_end_us=12040010 exec_us=10 slack_us=9990 overrun=false
TICK tick=1205 ts_ms=12050
TIMING tick=1205 ts_start_us=12050000 ts_end_us=12050010 exec_us=10 slack_us=9990 overrun=false
TICK tick=1206 ts_ms=12060
TIMING tick=1206 ts_start_us=12060000 ts_end_us=12060010 exec_us=10 slack_us=9990 overrun=false
TICK tick=1207 ts_ms=12070
TIMING tick=1207 ts_start_us=12070000 ts_end_us=12070010 exec_us=10 slack_us=9990 overrun=false
TICK tick=1208 ts_ms=12080
TIMING tick=1208 ts_start_us=12080000 ts_end_us=12080010 exec_us=10 slack_us=9990 overrun=false
TICK tick=1209 ts_ms=12090
TIMING tick=1209 ts_start_us=12090000 ts_end_us=12090010 exec_us=10 slack_us=9990 overrun=false
TICK tick=1210 ts_ms=12100
TIMING tick=1210 ts_start_us=12100000 ts_end_us=12100010 exec_us=10 slack_us=9990 overrun=false
TICK tick=1211 ts_ms=12110
TIMING tick=1211 ts_start_us=12110000 ts_end_us=12110010 exec_us=10 slack_us=9990 overrun=false
TICK tick=1212 ts_ms=12120
TIMING tick=1212 ts_start_us=12120000 ts_end_us=12120010 exec_us=10 slack_us=9990 overrun=false
TICK tick=1213 ts_ms=12130
TIMING tick=1213 ts_start_us=12130000 ts_end_us=12130010 exec_us=10 slack_us=9990 overrun=false
TICK tick=1214 ts_ms=12140
TIMING tick=1214 ts_start_us=12140000 ts_end_us=12140010 exec_us=10 slack_us=9990 overrun=false
TICK tick=1215 ts_ms=12150
TIMING tick=1215 ts_start_us=12150000 ts_end_us=12150010 exec_us=10 slack_us=9990 overrun=false
TICK tick=1216 ts_ms=12160
TIMING tick=1216 ts_start_us=12160000 ts_end_us=12160010 exec_us=10 slack_us=9990 overrun=false
TICK tick=1217 ts_ms=12170
TIMING tick=1217 ts_start_us=12170000 ts_end_us=12170010 exec_us=10 slack_us=9990 overrun=false
TICK tick=1218 ts_ms=12180
TIMING tick=1218 ts_start_us=12180000 ts_end_us=12180010 exec_us=10 slack_us=9990 overrun=false
TICK tick=1219 ts_ms=12190
TIMING tick=1219 ts_start_us=12190000 ts_end_us=12190010 exec_us=10 slack_us=9990 overrun=false
TICK tick=1220 ts_ms=12200
TIMING tick=1220 ts_start_us=12200000 ts_end_us=12200010 exec_us=10 slack_us=9990 overrun=false
TICK tick=1221 ts_ms=12210
TIMING tick=1221 ts_start_us=12210000 ts_end_us=12210010 exec_us=10 slack_us=9990 overrun=false
TICK tick=1222 ts_ms=12220
TIMING tick=1222 ts_start_us=12220000 ts_end_us=12220010 exec_us=10 slack_us=9990 overrun=false
TICK tick=1223 ts_ms=12230
TIMING tick=1223 ts_start_us=12230000 ts_end_us=12230010 exec_us=10 slack_us=9990 overrun=false
TICK tick=1224 ts_ms=12240
TIMING tick=1224 ts_start_us=12240000 ts_end_us=12240010 exec_us=10 slack_us=9990 overrun=false
TICK tick=1225 ts_ms=12250
TIMING tick=1225 ts_start_us=12250000 ts_end_us=12250010 exec_us=10 slack_us=9990 overrun=false
TICK tick=1226 ts_ms=12260
TIMING tick=1226 ts_start_us=12260000 ts_end_us=12260010 exec_us=10 slack_us=9990 overrun=false
TICK tick=1227 ts_ms=12270
TIMING tick=1227 ts_start_us=12270000 ts_end_us=12270010 exec_us=10 slack_us=9990 overrun=false
TICK tick=1228 ts_ms=12280
TIMING tick=1228 ts_start_us=12280000 ts_end_us=12280010 exec_us=10 slack_us=9990 overrun=false
TICK tick=1229 ts_ms=12290
TIMING tick=1229 ts_start_us=12290000 ts_end_us=12290010 exec_us=10 slack_us=9990 overrun=false
TICK tick=1230 ts_ms=12300
TIMING tick=1230 ts_start_us=12300000 ts_end_us=12300010 exec_us=10 slack_us=9990 overrun=false
TICK tick=1231 ts_ms=12310
TIMING tick=1231 ts_start_us=12310000 ts_end_us=12310010 exec_us=10 slack_us=9990 overrun=false
TICK tick=1232 ts_ms=12320
TIMING tick=1232 ts_start_us=12320000 ts_end_us=12320010 exec_us=10 slack_us=9990 overrun=false
TICK tick=1233 ts_ms=12330
TIMING tick=1233 ts_start_us=12330000 ts_end_us=12330010 exec_us=10 slack_us=9990 overrun=false
TICK tick=1234 ts_ms=12340
TIMING tick=1234 ts_start_us=12340000 ts_end_us=12340010 exec_us=10 slack_us=9990 overrun=false
TICK tick=1235 ts_ms=12350
TIMING tick=1235 ts_start_us=12350000 ts_end_us=12350010 exec_us=10 slack_us=9990 overrun=false
TICK tick=1236 ts_ms=12360
TIMING tick=1236 ts_start_us=12360000 ts_end_us=12360010 exec_us=10 slack_us=9990 overrun=false
TICK tick=1237 ts_ms=12370
TIMING tick=1237 ts_start_us=12370000 ts_end_us=12370010 exec_us=10 slack_us=9990 overrun=false
TICK tick=1238 ts_ms=12380
TIMING tick=1238 ts_start_us=12380000 ts_end_us=12380010 exec_us=10 slack_us=9990 overrun=false
TICK tick=1239 ts_ms=12390
TIMING tick=1239 ts_start_us=12390000 ts_end_us=12390010 exec_us=10 slack_us=9990 overrun=false
TICK tick=1240 ts_ms=12400
TIMING tick=1240 ts_start_us=12400000 ts_end_us=12400010 exec_us=10 slack_us=9990 overrun=false
TICK tick=1241 ts_ms=12410
TIMING tick=1241 ts_start_us=12410000 ts_end_us=12410010 exec_us=10 slack_us=9990 overrun=false
TICK tick=1242 ts_ms=12420
TIMING tick=1242 ts_start_us=12420000 ts_end_us=12420010 exec_us=10 slack_us=9990 overrun=false
TICK tick=1243 ts_ms=12430
TIMING tick=1243 ts_start_us=12430000 ts_end_us=12430010 exec_us=10 slack_us=9990 overrun=false
TICK tick=1244 ts_ms=12440
TIMING tick=1244 ts_start_us=12440000 ts_end_us=12440010 exec_us=10 slack_us=9990 overrun=false
TICK tick=1245 ts_ms=12450
TIMING tick=1245 ts_start_us=12450000 ts_end_us=12450010 exec_us=10 slack_us=9990 overrun=false
TICK tick=1246 ts_ms=12460
TIMING tick=1246 ts_start_us=12460000 ts_end_us=12460010 exec_us=10 slack_us=9990 overrun=false
TICK tick=1247 ts_ms=12470
TIMING tick=1247 ts_start_us=12470000 ts_end_us=12470010 exec_us=10 slack_us=9990 overrun=false
TICK tick=1248 ts_ms=12480
TIMING tick=1248 ts_start_us=12480000 ts_end_us=12480010 exec_us=10 slack_us=9990 overrun=false
TICK tick=1249 ts_ms=12490
TIMING tick=1249 ts_start_us=12490000 ts_end_us=12490010 exec_us=10 slack_us=9990 overrun=false
TICK tick=1250 ts_ms=12500
TIMING tick=1250 ts_start_us=12500000 ts_end_us=12500010 exec_us=10 slack_us=9990 overrun=false
TICK tick=1251 ts_ms=12510
TIMING tick=1251 ts_start_us=12510000 ts_end_us=12510010 exec_us=10 slack_us=9990 overrun=false
TICK tick=1252 ts_ms=12520
TIMING tick=1252 ts_start_us=12520000 ts_end_us=12520010 exec_us=10 slack_us=9990 overrun=false
TICK tick=1253 ts_ms=12530
TIMING tick=1253 ts_start_us=12530000 ts_end_us=12530010 exec_us=10 slack_us=9990 overrun=false
TICK tick=1254 ts_ms=12540
TIMING tick=1254 ts_start_us=12540000 ts_end_us=12540010 exec_us=10 slack_us=9990 overrun=false
TICK tick=1255 ts_ms=12550
TIMING tick=1255 ts_start_us=12550000 ts_end_us=12550010 exec_us=10 slack_us=9990 overrun=false
TICK tick=1256 ts_ms=12560
TIMING tick=1256 ts_start_us=12560000 ts_end_us=12560010 exec_us=10 slack_us=9990 overrun=false
TICK tick=1257 ts_ms=12570
TIMING tick=1257 ts_start_us=12570000 ts_end_us=12570010 exec_us=10 slack_us=9990 overrun=false
TICK tick=1258 ts_ms=12580
TIMING tick=1258 ts_start_us=12580000 ts_end_us=12580010 exec_us=10 slack_us=9990 overrun=false
TICK tick=1259 ts_ms=12590
TIMING tick=1259 ts_start_us=12590000 ts_end_us=12590010 exec_us=10 slack_us=9990 overrun=false
TICK tick=1260 ts_ms=12600
TIMING tick=1260 ts_start_us=12600000 ts_end_us=12600010 exec_us=10 slack_us=9990 overrun=false
TICK tick=1261 ts_ms=12610
TIMING tick=1261 ts_start_us=12610000 ts_end_us=12610010 exec_us=10 slack_us=9990 overrun=false
TICK tick=1262 ts_ms=12620
TIMING tick=1262 ts_start_us=12620000 ts_end_us=12620010 exec_us=10 slack_us=9990 overrun=false
TICK tick=1263 ts_ms=12630
TIMING tick=1263 ts_start_us=12630000 ts_end_us=12630010 exec_us=10 slack_us=9990 overrun=false
TICK tick=1264 ts_ms=12640
TIMING tick=1264 ts_start_us=12640000 ts_end_us=12640010 exec_us=10 slack_us=9990 overrun=false
TICK tick=1265 ts_ms=12650
TIMING tick=1265 ts_start_us=12650000 ts_end_us=12650010 exec_us=10 slack_us=9990 overrun=false
TICK tick=1266 ts_ms=12660
TIMING tick=1266 ts_start_us=12660000 ts_end_us=12660010 exec_us=10 slack_us=9990 overrun=false
TICK tick=1267 ts_ms=12670
TIMING tick=1267 ts_start_us=12670000 ts_end_us=12670010 exec_us=10 slack_us=9990 overrun=false
TICK tick=1268 ts_ms=12680
TIMING tick=1268 ts_start_us=12680000 ts_end_us=12680010 exec_us=10 slack_us=9990 overrun=false
TICK tick=1269 ts_ms=12690
TIMING tick=1269 ts_start_us=12690000 ts_end_us=12690010 exec_us=10 slack_us=9990 overrun=false
TICK tick=1270 ts_ms=12700
TIMING tick=1270 ts_start_us=12700000 ts_end_us=12700010 exec_us=10 slack_us=9990 overrun=false
TICK tick=1271 ts_ms=12710
TIMING tick=1271 ts_start_us=12710000 ts_end_us=12710010 exec_us=10 slack_us=9990 overrun=false
TICK tick=1272 ts_ms=12720
TIMING tick=1272 ts_start_us=12720000 ts_end_us=12720010 exec_us=10 slack_us=9990 overrun=false
TICK tick=1273 ts_ms=12730
TIMING tick=1273 ts_start_us=12730000 ts_end_us=12730010 exec_us=10 slack_us=9990 overrun=false
TICK tick=1274 ts_ms=12740
TIMING tick=1274 ts_start_us=12740000 ts_end_us=12740010 exec_us=10 slack_us=9990 overrun=false
TICK tick=1275 ts_ms=12750
TIMING tick=1275 ts_start_us=12750000 ts_end_us=12750010 exec_us=10 slack_us=9990 overrun=false
TICK tick=1276 ts_ms=12760
TIMING tick=1276 ts_start_us=12760000 ts_end_us=12760010 exec_us=10 slack_us=9990 overrun=false
TICK tick=1277 ts_ms=12770
TIMING tick=1277 ts_start_us=12770000 ts_end_us=12770010 exec_us=10 slack_us=9990 overrun=false
TICK tick=1278 ts_ms=12780
TIMING tick=1278 ts_start_us=12780000 ts_end_us=12780010 exec_us=10 slack_us=9990 overrun=false
TICK tick=1279 ts_ms=12790
TIMING tick=1279 ts_start_us=12790000 ts_end_us=12790010 exec_us=10 slack_us=9990 overrun=false
TICK tick=1280 ts_ms=12800
TIMING tick=1280 ts_start_us=12800000 ts_end_us=12800010 exec_us=10 slack_us=9990 overrun=false
TICK tick=1281 ts_ms=12810
TIMING tick=1281 ts_start_us=12810000 ts_end_us=12810010 exec_us=10 slack_us=9990 overrun=false
TICK tick=1282 ts_ms=12820
TIMING tick=1282 ts_start_us=12820000 ts_end_us=12820010 exec_us=10 slack_us=9990 overrun=false
TICK tick=1283 ts_ms=12830
TIMING tick=1283 ts_start_us=12830000 ts_end_us=12830010 exec_us=10 slack_us=9990 overrun=false
TICK tick=1284 ts_ms=12840
TIMING tick=1284 ts_start_us=12840000 ts_end_us=12840010 exec_us=10 slack_us=9990 overrun=false
TICK tick=1285 ts_ms=12850
TIMING tick=1285 ts_start_us=12850000 ts_end_us=12850010 exec_us=10 slack_us=9990 overrun=false
TICK tick=1286 ts_ms=12860
TIMING tick=1286 ts_start_us=12860000 ts_end_us=12860010 exec_us=10 slack_us=9990 overrun=false
TICK tick=1287 ts_ms=12870
TIMING tick=1287 ts_start_us=12870000 ts_end_us=12870010 exec_us=10 slack_us=9990 overrun=false
TICK tick=1288 ts_ms=12880
TIMING tick=1288 ts_start_us=12880000 ts_end_us=12880010 exec_us=10 slack_us=9990 overrun=false
TICK tick=1289 ts_ms=12890
TIMING tick=1289 ts_start_us=12890000 ts_end_us=12890010 exec_us=10 slack_us=9990 overrun=false
TICK tick=1290 ts_ms=12900
TIMING tick=1290 ts_start_us=12900000 ts_end_us=12900010 exec_us=10 slack_us=9990 overrun=false
TICK tick=1291 ts_ms=12910
TIMING tick=1291 ts_start_us=12910000 ts_end_us=12910010 exec_us=10 slack_us=9990 overrun=false
TICK tick=1292 ts_ms=12920
TIMING tick=1292 ts_start_us=12920000 ts_end_us=12920010 exec_us=10 slack_us=9990 overrun=false
TICK tick=1293 ts_ms=12930
TIMING tick=1293 ts_start_us=12930000 ts_end_us=12930010 exec_us=10 slack_us=9990 overrun=false
TICK tick=1294 ts_ms=12940
TIMING tick=1294 ts_start_us=12940000 ts_end_us=12940010 exec_us=10 slack_us=9990 overrun=false
TICK tick=1295 ts_ms=12950
TIMING tick=1295 ts_start_us=12950000 ts_end_us=12950010 exec_us=10 slack_us=9990 overrun=false
TICK tick=1296 ts_ms=12960
TIMING tick=1296 ts_start_us=12960000 ts_end_us=12960010 exec_us=10 slack_us=9990 overrun=false
TICK tick=1297 ts_ms=12970
TIMING tick=1297 ts_start_us=12970000 ts_end_us=12970010 exec_us=10 slack_us=9990 overrun=false
TICK tick=1298 ts_ms=12980
TIMING tick=1298 ts_start_us=12980000 ts_end_us=12980010 exec_us=10 slack_us=9990 overrun=false
TICK tick=1299 ts_ms=12990
TIMING tick=1299 ts_start_us=12990000 ts_end_us=12990010 exec_us=10 slack_us=9990 overrun=false
TICK tick=1300 ts_ms=13000
TIMING tick=1300 ts_start_us=13000000 ts_end_us=13000010 exec_us=10 slack_us=9990 overrun=false
TICK tick=1301 ts_ms=13010
TIMING tick=1301 ts_start_us=13010000 ts_end_us=13010010 exec_us=10 slack_us=9990 overrun=false
TICK tick=1302 ts_ms=13020
TIMING tick=1302 ts_start_us=13020000 ts_end_us=13020010 exec_us=10 slack_us=9990 overrun=false
TICK tick=1303 ts_ms=13030
TIMING tick=1303 ts_start_us=13030000 ts_end_us=13030010 exec_us=10 slack_us=9990 overrun=false
TICK tick=1304 ts_ms=13040
TIMING tick=1304 ts_start_us=13040000 ts_end_us=13040010 exec_us=10 slack_us=9990 overrun=false
TICK tick=1305 ts_ms=13050
TIMING tick=1305 ts_start_us=13050000 ts_end_us=13050010 exec_us=10 slack_us=9990 overrun=false
TICK tick=1306 ts_ms=13060
TIMING tick=1306 ts_start_us=13060000 ts_end_us=13060010 exec_us=10 slack_us=9990 overrun=false
TICK tick=1307 ts_ms=13070
TIMING tick=1307 ts_start_us=13070000 ts_end_us=13070010 exec_us=10 slack_us=9990 overrun=false
TICK tick=1308 ts_ms=13080
TIMING tick=1308 ts_start_us=13080000 ts_end_us=13080010 exec_us=10 slack_us=9990 overrun=false
TICK tick=1309 ts_ms=13090
TIMING tick=1309 ts_start_us=13090000 ts_end_us=13090010 exec_us=10 slack_us=9990 overrun=false
TICK tick=1310 ts_ms=13100
TIMING tick=1310 ts_start_us=13100000 ts_end_us=13100010 exec_us=10 slack_us=9990 overrun=false
TICK tick=1311 ts_ms=13110
TIMING tick=1311 ts_start_us=13110000 ts_end_us=13110010 exec_us=10 slack_us=9990 overrun=false
TICK tick=1312 ts_ms=13120
TIMING tick=1312 ts_start_us=13120000 ts_end_us=13120010 exec_us=10 slack_us=9990 overrun=false
TICK tick=1313 ts_ms=13130
TIMING tick=1313 ts_start_us=13130000 ts_end_us=13130010 exec_us=10 slack_us=9990 overrun=false
TICK tick=1314 ts_ms=13140
TIMING tick=1314 ts_start_us=13140000 ts_end_us=13140010 exec_us=10 slack_us=9990 overrun=false
TICK tick=1315 ts_ms=13150
TIMING tick=1315 ts_start_us=13150000 ts_end_us=13150010 exec_us=10 slack_us=9990 overrun=false
TICK tick=1316 ts_ms=13160
TIMING tick=1316 ts_start_us=13160000 ts_end_us=13160010 exec_us=10 slack_us=9990 overrun=false
TICK tick=1317 ts_ms=13170
TIMING tick=1317 ts_start_us=13170000 ts_end_us=13170010 exec_us=10 slack_us=9990 overrun=false
TICK tick=1318 ts_ms=13180
TIMING tick=1318 ts_start_us=13180000 ts_end_us=13180010 exec_us=10 slack_us=9990 overrun=false
TICK tick=1319 ts_ms=13190
TIMING tick=1319 ts_start_us=13190000 ts_end_us=13190010 exec_us=10 slack_us=9990 overrun=false
TICK tick=1320 ts_ms=13200
TIMING tick=1320 ts_start_us=13200000 ts_end_us=13200010 exec_us=10 slack_us=9990 overrun=false
TICK tick=1321 ts_ms=13210
TIMING tick=1321 ts_start_us=13210000 ts_end_us=13210010 exec_us=10 slack_us=9990 overrun=false
TICK tick=1322 ts_ms=13220
TIMING tick=1322 ts_start_us=13220000 ts_end_us=13220010 exec_us=10 slack_us=9990 overrun=false
TICK tick=1323 ts_ms=13230
TIMING tick=1323 ts_start_us=13230000 ts_end_us=13230010 exec_us=10 slack_us=9990 overrun=false
TICK tick=1324 ts_ms=13240
TIMING tick=1324 ts_start_us=13240000 ts_end_us=13240010 exec_us=10 slack_us=9990 overrun=false
TICK tick=1325 ts_ms=13250
TIMING tick=1325 ts_start_us=13250000 ts_end_us=13250010 exec_us=10 slack_us=9990 overrun=false
TICK tick=1326 ts_ms=13260
TIMING tick=1326 ts_start_us=13260000 ts_end_us=13260010 exec_us=10 slack_us=9990 overrun=false
TICK tick=1327 ts_ms=13270
TIMING tick=1327 ts_start_us=13270000 ts_end_us=13270010 exec_us=10 slack_us=9990 overrun=false
TICK tick=1328 ts_ms=13280
TIMING tick=1328 ts_start_us=13280000 ts_end_us=13280010 exec_us=10 slack_us=9990 overrun=false
TICK tick=1329 ts_ms=13290
TIMING tick=1329 ts_start_us=13290000 ts_end_us=13290010 exec_us=10 slack_us=9990 overrun=false
TICK tick=1330 ts_ms=13300
TIMING tick=1330 ts_start_us=13300000 ts_end_us=13300010 exec_us=10 slack_us=9990 overrun=false
TICK tick=1331 ts_ms=13310
TIMING tick=1331 ts_start_us=13310000 ts_end_us=13310010 exec_us=10 slack_us=9990 overrun=false
TICK tick=1332 ts_ms=13320
TIMING tick=1332 ts_start_us=13320000 ts_end_us=13320010 exec_us=10 slack_us=9990 overrun=false
TICK tick=1333 ts_ms=13330
TIMING tick=1333 ts_start_us=13330000 ts_end_us=13330010 exec_us=10 slack_us=9990 overrun=false
TICK tick=1334 ts_ms=13340
TIMING tick=1334 ts_start_us=13340000 ts_end_us=13340010 exec_us=10 slack_us=9990 overrun=false
TICK tick=1335 ts_ms=13350
TIMING tick=1335 ts_start_us=13350000 ts_end_us=13350010 exec_us=10 slack_us=9990 overrun=false
TICK tick=1336 ts_ms=13360
TIMING tick=1336 ts_start_us=13360000 ts_end_us=13360010 exec_us=10 slack_us=9990 overrun=false
TICK tick=1337 ts_ms=13370
TIMING tick=1337 ts_start_us=13370000 ts_end_us=13370010 exec_us=10 slack_us=9990 overrun=false
TICK tick=1338 ts_ms=13380
TIMING tick=1338 ts_start_us=13380000 ts_end_us=13380010 exec_us=10 slack_us=9990 overrun=false
TICK tick=1339 ts_ms=13390
TIMING tick=1339 ts_start_us=13390000 ts_end_us=13390010 exec_us=10 slack_us=9990 overrun=false
TICK tick=1340 ts_ms=13400
TIMING tick=1340 ts_start_us=13400000 ts_end_us=13400010 exec_us=10 slack_us=9990 overrun=false
TICK tick=1341 ts_ms=13410
TIMING tick=1341 ts_start_us=13410000 ts_end_us=13410010 exec_us=10 slack_us=9990 overrun=false
TICK tick=1342 ts_ms=13420
TIMING tick=1342 ts_start_us=13420000 ts_end_us=13420010 exec_us=10 slack_us=9990 overrun=false
TICK tick=1343 ts_ms=13430
TIMING tick=1343 ts_start_us=13430000 ts_end_us=13430010 exec_us=10 slack_us=9990 overrun=false
TICK tick=1344 ts_ms=13440
TIMING tick=1344 ts_start_us=13440000 ts_end_us=13440010 exec_us=10 slack_us=9990 overrun=false
TICK tick=1345 ts_ms=13450
TIMING tick=1345 ts_start_us=13450000 ts_end_us=13450010 exec_us=10 slack_us=9990 overrun=false
TICK tick=1346 ts_ms=13460
TIMING tick=1346 ts_start_us=13460000 ts_end_us=13460010 exec_us=10 slack_us=9990 overrun=false
TICK tick=1347 ts_ms=13470
TIMING tick=1347 ts_start_us=13470000 ts_end_us=13470010 exec_us=10 slack_us=9990 overrun=false
TICK tick=1348 ts_ms=13480
TIMING tick=1348 ts_start_us=13480000 ts_end_us=13480010 exec_us=10 slack_us=9990 overrun=false
TICK tick=1349 ts_ms=13490
TIMING tick=1349 ts_start_us=13490000 ts_end_us=13490010 exec_us=10 slack_us=9990 overrun=false
TICK tick=1350 ts_ms=13500
TIMING tick=1350 ts_start_us=13500000 ts_end_us=13500010 exec_us=10 slack_us=9990 overrun=false
TICK tick=1351 ts_ms=13510
TIMING tick=1351 ts_start_us=13510000 ts_end_us=13510010 exec_us=10 slack_us=9990 overrun=false
TICK tick=1352 ts_ms=13520
TIMING tick=1352 ts_start_us=13520000 ts_end_us=13520010 exec_us=10 slack_us=9990 overrun=false
TICK tick=1353 ts_ms=13530
TIMING tick=1353 ts_start_us=13530000 ts_end_us=13530010 exec_us=10 slack_us=9990 overrun=false
TICK tick=1354 ts_ms=13540
TIMING tick=1354 ts_start_us=13540000 ts_end_us=13540010 exec_us=10 slack_us=9990 overrun=false
TICK tick=1355 ts_ms=13550
TIMING tick=1355 ts_start_us=13550000 ts_end_us=13550010 exec_us=10 slack_us=9990 overrun=false
TICK tick=1356 ts_ms=13560
TIMING tick=1356 ts_start_us=13560000 ts_end_us=13560010 exec_us=10 slack_us=9990 overrun=false
TICK tick=1357 ts_ms=13570
TIMING tick=1357 ts_start_us=13570000 ts_end_us=13570010 exec_us=10 slack_us=9990 overrun=false
TICK tick=1358 ts_ms=13580
TIMING tick=1358 ts_start_us=13580000 ts_end_us=13580010 exec_us=10 slack_us=9990 overrun=false
TICK tick=1359 ts_ms=13590
TIMING tick=1359 ts_start_us=13590000 ts_end_us=13590010 exec_us=10 slack_us=9990 overrun=false
TICK tick=1360 ts_ms=13600
TIMING tick=1360 ts_start_us=13600000 ts_end_us=13600010 exec_us=10 slack_us=9990 overrun=false
TICK tick=1361 ts_ms=13610
TIMING tick=1361 ts_start_us=13610000 ts_end_us=13610010 exec_us=10 slack_us=9990 overrun=false
TICK tick=1362 ts_ms=13620
TIMING tick=1362 ts_start_us=13620000 ts_end_us=13620010 exec_us=10 slack_us=9990 overrun=false
TICK tick=1363 ts_ms=13630
TIMING tick=1363 ts_start_us=13630000 ts_end_us=13630010 exec_us=10 slack_us=9990 overrun=false
TICK tick=1364 ts_ms=13640
TIMING tick=1364 ts_start_us=13640000 ts_end_us=13640010 exec_us=10 slack_us=9990 overrun=false
TICK tick=1365 ts_ms=13650
TIMING tick=1365 ts_start_us=13650000 ts_end_us=13650010 exec_us=10 slack_us=9990 overrun=false
TICK tick=1366 ts_ms=13660
TIMING tick=1366 ts_start_us=13660000 ts_end_us=13660010 exec_us=10 slack_us=9990 overrun=false
TICK tick=1367 ts_ms=13670
TIMING tick=1367 ts_start_us=13670000 ts_end_us=13670010 exec_us=10 slack_us=9990 overrun=false
TICK tick=1368 ts_ms=13680
TIMING tick=1368 ts_start_us=13680000 ts_end_us=13680010 exec_us=10 slack_us=9990 overrun=false
TICK tick=1369 ts_ms=13690
TIMING tick=1369 ts_start_us=13690000 ts_end_us=13690010 exec_us=10 slack_us=9990 overrun=false
TICK tick=1370 ts_ms=13700
TIMING tick=1370 ts_start_us=13700000 ts_end_us=13700010 exec_us=10 slack_us=9990 overrun=false
TICK tick=1371 ts_ms=13710
TIMING tick=1371 ts_start_us=13710000 ts_end_us=13710010 exec_us=10 slack_us=9990 overrun=false
TICK tick=1372 ts_ms=13720
TIMING tick=1372 ts_start_us=13720000 ts_end_us=13720010 exec_us=10 slack_us=9990 overrun=false
TICK tick=1373 ts_ms=13730
TIMING tick=1373 ts_start_us=13730000 ts_end_us=13730010 exec_us=10 slack_us=9990 overrun=false
TICK tick=1374 ts_ms=13740
TIMING tick=1374 ts_start_us=13740000 ts_end_us=13740010 exec_us=10 slack_us=9990 overrun=false
TICK tick=1375 ts_ms=13750
TIMING tick=1375 ts_start_us=13750000 ts_end_us=13750010 exec_us=10 slack_us=9990 overrun=false
TICK tick=1376 ts_ms=13760
TIMING tick=1376 ts_start_us=13760000 ts_end_us=13760010 exec_us=10 slack_us=9990 overrun=false
TICK tick=1377 ts_ms=13770
TIMING tick=1377 ts_start_us=13770000 ts_end_us=13770010 exec_us=10 slack_us=9990 overrun=false
TICK tick=1378 ts_ms=13780
TIMING tick=1378 ts_start_us=13780000 ts_end_us=13780010 exec_us=10 slack_us=9990 overrun=false
TICK tick=1379 ts_ms=13790
TIMING tick=1379 ts_start_us=13790000 ts_end_us=13790010 exec_us=10 slack_us=9990 overrun=false
TICK tick=1380 ts_ms=13800
TIMING tick=1380 ts_start_us=13800000 ts_end_us=13800010 exec_us=10 slack_us=9990 overrun=false
TICK tick=1381 ts_ms=13810
TIMING tick=1381 ts_start_us=13810000 ts_end_us=13810010 exec_us=10 slack_us=9990 overrun=false
TICK tick=1382 ts_ms=13820
TIMING tick=1382 ts_start_us=13820000 ts_end_us=13820010 exec_us=10 slack_us=9990 overrun=false
TICK tick=1383 ts_ms=13830
TIMING tick=1383 ts_start_us=13830000 ts_end_us=13830010 exec_us=10 slack_us=9990 overrun=false
TICK tick=1384 ts_ms=13840
TIMING tick=1384 ts_start_us=13840000 ts_end_us=13840010 exec_us=10 slack_us=9990 overrun=false
TICK tick=1385 ts_ms=13850
TIMING tick=1385 ts_start_us=13850000 ts_end_us=13850010 exec_us=10 slack_us=9990 overrun=false
TICK tick=1386 ts_ms=13860
TIMING tick=1386 ts_start_us=13860000 ts_end_us=13860010 exec_us=10 slack_us=9990 overrun=false
TICK tick=1387 ts_ms=13870
TIMING tick=1387 ts_start_us=13870000 ts_end_us=13870010 exec_us=10 slack_us=9990 overrun=false
TICK tick=1388 ts_ms=13880
TIMING tick=1388 ts_start_us=13880000 ts_end_us=13880010 exec_us=10 slack_us=9990 overrun=false
TICK tick=1389 ts_ms=13890
TIMING tick=1389 ts_start_us=13890000 ts_end_us=13890010 exec_us=10 slack_us=9990 overrun=false
TICK tick=1390 ts_ms=13900
TIMING tick=1390 ts_start_us=13900000 ts_end_us=13900010 exec_us=10 slack_us=9990 overrun=false
TICK tick=1391 ts_ms=13910
TIMING tick=1391 ts_start_us=13910000 ts_end_us=13910010 exec_us=10 slack_us=9990 overrun=false
TICK tick=1392 ts_ms=13920
TIMING tick=1392 ts_start_us=13920000 ts_end_us=13920010 exec_us=10 slack_us=9990 overrun=false
TICK tick=1393 ts_ms=13930
TIMING tick=1393 ts_start_us=13930000 ts_end_us=13930010 exec_us=10 slack_us=9990 overrun=false
TICK tick=1394 ts_ms=13940
TIMING tick=1394 ts_start_us=13940000 ts_end_us=13940010 exec_us=10 slack_us=9990 overrun=false
TICK tick=1395 ts_ms=13950
TIMING tick=1395 ts_start_us=13950000 ts_end_us=13950010 exec_us=10 slack_us=9990 overrun=false
TICK tick=1396 ts_ms=13960
TIMING tick=1396 ts_start_us=13960000 ts_end_us=13960010 exec_us=10 slack_us=9990 overrun=false
TICK tick=1397 ts_ms=13970
TIMING tick=1397 ts_start_us=13970000 ts_end_us=13970010 exec_us=10 slack_us=9990 overrun=false
TICK tick=1398 ts_ms=13980
TIMING tick=1398 ts_start_us=13980000 ts_end_us=13980010 exec_us=10 slack_us=9990 overrun=false
TICK tick=1399 ts_ms=13990
TIMING tick=1399 ts_start_us=13990000 ts_end_us=13990010 exec_us=10 slack_us=9990 overrun=false
TICK tick=1400 ts_ms=14000
TIMING tick=1400 ts_start_us=14000000 ts_end_us=14000010 exec_us=10 slack_us=9990 overrun=false
TICK tick=1401 ts_ms=14010
TIMING tick=1401 ts_start_us=14010000 ts_end_us=14010010 exec_us=10 slack_us=9990 overrun=false
TICK tick=1402 ts_ms=14020
TIMING tick=1402 ts_start_us=14020000 ts_end_us=14020010 exec_us=10 slack_us=9990 overrun=false
TICK tick=1403 ts_ms=14030
TIMING tick=1403 ts_start_us=14030000 ts_end_us=14030010 exec_us=10 slack_us=9990 overrun=false
TICK tick=1404 ts_ms=14040
TIMING tick=1404 ts_start_us=14040000 ts_end_us=14040010 exec_us=10 slack_us=9990 overrun=false
TICK tick=1405 ts_ms=14050
TIMING tick=1405 ts_start_us=14050000 ts_end_us=14050010 exec_us=10 slack_us=9990 overrun=false
TICK tick=1406 ts_ms=14060
TIMING tick=1406 ts_start_us=14060000 ts_end_us=14060010 exec_us=10 slack_us=9990 overrun=false
TICK tick=1407 ts_ms=14070
TIMING tick=1407 ts_start_us=14070000 ts_end_us=14070010 exec_us=10 slack_us=9990 overrun=false
TICK tick=1408 ts_ms=14080
TIMING tick=1408 ts_start_us=14080000 ts_end_us=14080010 exec_us=10 slack_us=9990 overrun=false
TICK tick=1409 ts_ms=14090
TIMING tick=1409 ts_start_us=14090000 ts_end_us=14090010 exec_us=10 slack_us=9990 overrun=false
TICK tick=1410 ts_ms=14100
TIMING tick=1410 ts_start_us=14100000 ts_end_us=14100010 exec_us=10 slack_us=9990 overrun=false
TICK tick=1411 ts_ms=14110
TIMING tick=1411 ts_start_us=14110000 ts_end_us=14110010 exec_us=10 slack_us=9990 overrun=false
TICK tick=1412 ts_ms=14120
TIMING tick=1412 ts_start_us=14120000 ts_end_us=14120010 exec_us=10 slack_us=9990 overrun=false
TICK tick=1413 ts_ms=14130
TIMING tick=1413 ts_start_us=14130000 ts_end_us=14130010 exec_us=10 slack_us=9990 overrun=false
TICK tick=1414 ts_ms=14140
TIMING tick=1414 ts_start_us=14140000 ts_end_us=14140010 exec_us=10 slack_us=9990 overrun=false
TICK tick=1415 ts_ms=14150
TIMING tick=1415 ts_start_us=14150000 ts_end_us=14150010 exec_us=10 slack_us=9990 overrun=false
TICK tick=1416 ts_ms=14160
TIMING tick=1416 ts_start_us=14160000 ts_end_us=14160010 exec_us=10 slack_us=9990 overrun=false
TICK tick=1417 ts_ms=14170
TIMING tick=1417 ts_start_us=14170000 ts_end_us=14170010 exec_us=10 slack_us=9990 overrun=false
TICK tick=1418 ts_ms=14180
TIMING tick=1418 ts_start_us=14180000 ts_end_us=14180010 exec_us=10 slack_us=9990 overrun=false
TICK tick=1419 ts_ms=14190
TIMING tick=1419 ts_start_us=14190000 ts_end_us=14190010 exec_us=10 slack_us=9990 overrun=false
TICK tick=1420 ts_ms=14200
TIMING tick=1420 ts_start_us=14200000 ts_end_us=14200010 exec_us=10 slack_us=9990 overrun=false
TICK tick=1421 ts_ms=14210
TIMING tick=1421 ts_start_us=14210000 ts_end_us=14210010 exec_us=10 slack_us=9990 overrun=false
TICK tick=1422 ts_ms=14220
TIMING tick=1422 ts_start_us=14220000 ts_end_us=14220010 exec_us=10 slack_us=9990 overrun=false
TICK tick=1423 ts_ms=14230
TIMING tick=1423 ts_start_us=14230000 ts_end_us=14230010 exec_us=10 slack_us=9990 overrun=false
TICK tick=1424 ts_ms=14240
TIMING tick=1424 ts_start_us=14240000 ts_end_us=14240010 exec_us=10 slack_us=9990 overrun=false
TICK tick=1425 ts_ms=14250
TIMING tick=1425 ts_start_us=14250000 ts_end_us=14250010 exec_us=10 slack_us=9990 overrun=false
TICK tick=1426 ts_ms=14260
TIMING tick=1426 ts_start_us=14260000 ts_end_us=14260010 exec_us=10 slack_us=9990 overrun=false
TICK tick=1427 ts_ms=14270
TIMING tick=1427 ts_start_us=14270000 ts_end_us=14270010 exec_us=10 slack_us=9990 overrun=false
TICK tick=1428 ts_ms=14280
TIMING tick=1428 ts_start_us=14280000 ts_end_us=14280010 exec_us=10 slack_us=9990 overrun=false
TICK tick=1429 ts_ms=14290
TIMING tick=1429 ts_start_us=14290000 ts_end_us=14290010 exec_us=10 slack_us=9990 overrun=false
TICK tick=1430 ts_ms=14300
TIMING tick=1430 ts_start_us=14300000 ts_end_us=14300010 exec_us=10 slack_us=9990 overrun=false
TICK tick=1431 ts_ms=14310
TIMING tick=1431 ts_start_us=14310000 ts_end_us=14310010 exec_us=10 slack_us=9990 overrun=false
TICK tick=1432 ts_ms=14320
TIMING tick=1432 ts_start_us=14320000 ts_end_us=14320010 exec_us=10 slack_us=9990 overrun=false
TICK tick=1433 ts_ms=14330
TIMING tick=1433 ts_start_us=14330000 ts_end_us=14330010 exec_us=10 slack_us=9990 overrun=false
TICK tick=1434 ts_ms=14340
TIMING tick=1434 ts_start_us=14340000 ts_end_us=14340010 exec_us=10 slack_us=9990 overrun=false
TICK tick=1435 ts_ms=14350
TIMING tick=1435 ts_start_us=14350000 ts_end_us=14350010 exec_us=10 slack_us=9990 overrun=false
TICK tick=1436 ts_ms=14360
TIMING tick=1436 ts_start_us=14360000 ts_end_us=14360010 exec_us=10 slack_us=9990 overrun=false
TICK tick=1437 ts_ms=14370
TIMING tick=1437 ts_start_us=14370000 ts_end_us=14370010 exec_us=10 slack_us=9990 overrun=false
TICK tick=1438 ts_ms=14380
TIMING tick=1438 ts_start_us=14380000 ts_end_us=14380010 exec_us=10 slack_us=9990 overrun=false
TICK tick=1439 ts_ms=14390
TIMING tick=1439 ts_start_us=14390000 ts_end_us=14390010 exec_us=10 slack_us=9990 overrun=false
TICK tick=1440 ts_ms=14400
TIMING tick=1440 ts_start_us=14400000 ts_end_us=14400010 exec_us=10 slack_us=9990 overrun=false
TICK tick=1441 ts_ms=14410
TIMING tick=1441 ts_start_us=14410000 ts_end_us=14410010 exec_us=10 slack_us=9990 overrun=false
TICK tick=1442 ts_ms=14420
TIMING tick=1442 ts_start_us=14420000 ts_end_us=14420010 exec_us=10 slack_us=9990 overrun=false
TICK tick=1443 ts_ms=14430
TIMING tick=1443 ts_start_us=14430000 ts_end_us=14430010 exec_us=10 slack_us=9990 overrun=false
TICK tick=1444 ts_ms=14440
TIMING tick=1444 ts_start_us=14440000 ts_end_us=14440010 exec_us=10 slack_us=9990 overrun=false
TICK tick=1445 ts_ms=14450
TIMING tick=1445 ts_start_us=14450000 ts_end_us=14450010 exec_us=10 slack_us=9990 overrun=false
TICK tick=1446 ts_ms=14460
TIMING tick=1446 ts_start_us=14460000 ts_end_us=14460010 exec_us=10 slack_us=9990 overrun=false
TICK tick=1447 ts_ms=14470
TIMING tick=1447 ts_start_us=14470000 ts_end_us=14470010 exec_us=10 slack_us=9990 overrun=false
TICK tick=1448 ts_ms=14480
TIMING tick=1448 ts_start_us=14480000 ts_end_us=14480010 exec_us=10 slack_us=9990 overrun=false
TICK tick=1449 ts_ms=14490
TIMING tick=1449 ts_start_us=14490000 ts_end_us=14490010 exec_us=10 slack_us=9990 overrun=false
TICK tick=1450 ts_ms=14500
TIMING tick=1450 ts_start_us=14500000 ts_end_us=14500010 exec_us=10 slack_us=9990 overrun=false
TICK tick=1451 ts_ms=14510
TIMING tick=1451 ts_start_us=14510000 ts_end_us=14510010 exec_us=10 slack_us=9990 overrun=false
TICK tick=1452 ts_ms=14520
TIMING tick=1452 ts_start_us=14520000 ts_end_us=14520010 exec_us=10 slack_us=9990 overrun=false
TICK tick=1453 ts_ms=14530
TIMING tick=1453 ts_start_us=14530000 ts_end_us=14530010 exec_us=10 slack_us=9990 overrun=false
TICK tick=1454 ts_ms=14540
TIMING tick=1454 ts_start_us=14540000 ts_end_us=14540010 exec_us=10 slack_us=9990 overrun=false
TICK tick=1455 ts_ms=14550
TIMING tick=1455 ts_start_us=14550000 ts_end_us=14550010 exec_us=10 slack_us=9990 overrun=false
TICK tick=1456 ts_ms=14560
TIMING tick=1456 ts_start_us=14560000 ts_end_us=14560010 exec_us=10 slack_us=9990 overrun=false
TICK tick=1457 ts_ms=14570
TIMING tick=1457 ts_start_us=14570000 ts_end_us=14570010 exec_us=10 slack_us=9990 overrun=false
TICK tick=1458 ts_ms=14580
TIMING tick=1458 ts_start_us=14580000 ts_end_us=14580010 exec_us=10 slack_us=9990 overrun=false
TICK tick=1459 ts_ms=14590
TIMING tick=1459 ts_start_us=14590000 ts_end_us=14590010 exec_us=10 slack_us=9990 overrun=false
TICK tick=1460 ts_ms=14600
TIMING tick=1460 ts_start_us=14600000 ts_end_us=14600010 exec_us=10 slack_us=9990 overrun=false
TICK tick=1461 ts_ms=14610
TIMING tick=1461 ts_start_us=14610000 ts_end_us=14610010 exec_us=10 slack_us=9990 overrun=false
TICK tick=1462 ts_ms=14620
TIMING tick=1462 ts_start_us=14620000 ts_end_us=14620010 exec_us=10 slack_us=9990 overrun=false
TICK tick=1463 ts_ms=14630
TIMING tick=1463 ts_start_us=14630000 ts_end_us=14630010 exec_us=10 slack_us=9990 overrun=false
TICK tick=1464 ts_ms=14640
TIMING tick=1464 ts_start_us=14640000 ts_end_us=14640010 exec_us=10 slack_us=9990 overrun=false
TICK tick=1465 ts_ms=14650
TIMING tick=1465 ts_start_us=14650000 ts_end_us=14650010 exec_us=10 slack_us=9990 overrun=false
TICK tick=1466 ts_ms=14660
TIMING tick=1466 ts_start_us=14660000 ts_end_us=14660010 exec_us=10 slack_us=9990 overrun=false
TICK tick=1467 ts_ms=14670
TIMING tick=1467 ts_start_us=14670000 ts_end_us=14670010 exec_us=10 slack_us=9990 overrun=false
TICK tick=1468 ts_ms=14680
TIMING tick=1468 ts_start_us=14680000 ts_end_us=14680010 exec_us=10 slack_us=9990 overrun=false
TICK tick=1469 ts_ms=14690
TIMING tick=1469 ts_start_us=14690000 ts_end_us=14690010 exec_us=10 slack_us=9990 overrun=false
TICK tick=1470 ts_ms=14700
TIMING tick=1470 ts_start_us=14700000 ts_end_us=14700010 exec_us=10 slack_us=9990 overrun=false
TICK tick=1471 ts_ms=14710
TIMING tick=1471 ts_start_us=14710000 ts_end_us=14710010 exec_us=10 slack_us=9990 overrun=false
TICK tick=1472 ts_ms=14720
TIMING tick=1472 ts_start_us=14720000 ts_end_us=14720010 exec_us=10 slack_us=9990 overrun=false
TICK tick=1473 ts_ms=14730
TIMING tick=1473 ts_start_us=14730000 ts_end_us=14730010 exec_us=10 slack_us=9990 overrun=false
TICK tick=1474 ts_ms=14740
TIMING tick=1474 ts_start_us=14740000 ts_end_us=14740010 exec_us=10 slack_us=9990 overrun=false
TICK tick=1475 ts_ms=14750
TIMING tick=1475 ts_start_us=14750000 ts_end_us=14750010 exec_us=10 slack_us=9990 overrun=false
TICK tick=1476 ts_ms=14760
TIMING tick=1476 ts_start_us=14760000 ts_end_us=14760010 exec_us=10 slack_us=9990 overrun=false
TICK tick=1477 ts_ms=14770
TIMING tick=1477 ts_start_us=14770000 ts_end_us=14770010 exec_us=10 slack_us=9990 overrun=false
TICK tick=1478 ts_ms=14780
TIMING tick=1478 ts_start_us=14780000 ts_end_us=14780010 exec_us=10 slack_us=9990 overrun=false
TICK tick=1479 ts_ms=14790
TIMING tick=1479 ts_start_us=14790000 ts_end_us=14790010 exec_us=10 slack_us=9990 overrun=false
TICK tick=1480 ts_ms=14800
TIMING tick=1480 ts_start_us=14800000 ts_end_us=14800010 exec_us=10 slack_us=9990 overrun=false
TICK tick=1481 ts_ms=14810
TIMING tick=1481 ts_start_us=14810000 ts_end_us=14810010 exec_us=10 slack_us=9990 overrun=false
TICK tick=1482 ts_ms=14820
TIMING tick=1482 ts_start_us=14820000 ts_end_us=14820010 exec_us=10 slack_us=9990 overrun=false
TICK tick=1483 ts_ms=14830
TIMING tick=1483 ts_start_us=14830000 ts_end_us=14830010 exec_us=10 slack_us=9990 overrun=false
TICK tick=1484 ts_ms=14840
TIMING tick=1484 ts_start_us=14840000 ts_end_us=14840010 exec_us=10 slack_us=9990 overrun=false
TICK tick=1485 ts_ms=14850
TIMING tick=1485 ts_start_us=14850000 ts_end_us=14850010 exec_us=10 slack_us=9990 overrun=false
TICK tick=1486 ts_ms=14860
TIMING tick=1486 ts_start_us=14860000 ts_end_us=14860010 exec_us=10 slack_us=9990 overrun=false
TICK tick=1487 ts_ms=14870
TIMING tick=1487 ts_start_us=14870000 ts_end_us=14870010 exec_us=10 slack_us=9990 overrun=false
TICK tick=1488 ts_ms=14880
TIMING tick=1488 ts_start_us=14880000 ts_end_us=14880010 exec_us=10 slack_us=9990 overrun=false
TICK tick=1489 ts_ms=14890
TIMING tick=1489 ts_start_us=14890000 ts_end_us=14890010 exec_us=10 slack_us=9990 overrun=false
TICK tick=1490 ts_ms=14900
TIMING tick=1490 ts_start_us=14900000 ts_end_us=14900010 exec_us=10 slack_us=9990 overrun=false
TICK tick=1491 ts_ms=14910
TIMING tick=1491 ts_start_us=14910000 ts_end_us=14910010 exec_us=10 slack_us=9990 overrun=false
TICK tick=1492 ts_ms=14920
TIMING tick=1492 ts_start_us=14920000 ts_end_us=14920010 exec_us=10 slack_us=9990 overrun=false
TICK tick=1493 ts_ms=14930
TIMING tick=1493 ts_start_us=14930000 ts_end_us=14930010 exec_us=10 slack_us=9990 overrun=false
TICK tick=1494 ts_ms=14940
TIMING tick=1494 ts_start_us=14940000 ts_end_us=14940010 exec_us=10 slack_us=9990 overrun=false
TICK tick=1495 ts_ms=14950
TIMING tick=1495 ts_start_us=14950000 ts_end_us=14950010 exec_us=10 slack_us=9990 overrun=false
TICK tick=1496 ts_ms=14960
TIMING tick=1496 ts_start_us=14960000 ts_end_us=14960010 exec_us=10 slack_us=9990 overrun=false
TICK tick=1497 ts_ms=14970
TIMING tick=1497 ts_start_us=14970000 ts_end_us=14970010 exec_us=10 slack_us=9990 overrun=false
TICK tick=1498 ts_ms=14980
TIMING tick=1498 ts_start_us=14980000 ts_end_us=14980010 exec_us=10 slack_us=9990 overrun=false
TICK tick=1499 ts_ms=14990
TIMING tick=1499 ts_start_us=14990000 ts_end_us=14990010 exec_us=10 slack_us=9990 overrun=false
TICK tick=1500 ts_ms=15000
TIMING tick=1500 ts_start_us=15000000 ts_end_us=15000010 exec_us=10 slack_us=9990 overrun=false
TICK tick=1501 ts_ms=15010
TIMING tick=1501 ts_start_us=15010000 ts_end_us=15010010 exec_us=10 slack_us=9990 overrun=false
TICK tick=1502 ts_ms=15020
TIMING tick=1502 ts_start_us=15020000 ts_end_us=15020010 exec_us=10 slack_us=9990 overrun=false
TICK tick=1503 ts_ms=15030
TIMING tick=1503 ts_start_us=15030000 ts_end_us=15030010 exec_us=10 slack_us=9990 overrun=false
TICK tick=1504 ts_ms=15040
TIMING tick=1504 ts_start_us=15040000 ts_end_us=15040010 exec_us=10 slack_us=9990 overrun=false
TICK tick=1505 ts_ms=15050
TIMING tick=1505 ts_start_us=15050000 ts_end_us=15050010 exec_us=10 slack_us=9990 overrun=false
TICK tick=1506 ts_ms=15060
TIMING tick=1506 ts_start_us=15060000 ts_end_us=15060010 exec_us=10 slack_us=9990 overrun=false
TICK tick=1507 ts_ms=15070
TIMING tick=1507 ts_start_us=15070000 ts_end_us=15070010 exec_us=10 slack_us=9990 overrun=false
TICK tick=1508 ts_ms=15080
TIMING tick=1508 ts_start_us=15080000 ts_end_us=15080010 exec_us=10 slack_us=9990 overrun=false
TICK tick=1509 ts_ms=15090
TIMING tick=1509 ts_start_us=15090000 ts_end_us=15090010 exec_us=10 slack_us=9990 overrun=false
TICK tick=1510 ts_ms=15100
TIMING tick=1510 ts_start_us=15100000 ts_end_us=15100010 exec_us=10 slack_us=9990 overrun=false
TICK tick=1511 ts_ms=15110
TIMING tick=1511 ts_start_us=15110000 ts_end_us=15110010 exec_us=10 slack_us=9990 overrun=false
TICK tick=1512 ts_ms=15120
TIMING tick=1512 ts_start_us=15120000 ts_end_us=15120010 exec_us=10 slack_us=9990 overrun=false
TICK tick=1513 ts_ms=15130
TIMING tick=1513 ts_start_us=15130000 ts_end_us=15130010 exec_us=10 slack_us=9990 overrun=false
TICK tick=1514 ts_ms=15140
TIMING tick=1514 ts_start_us=15140000 ts_end_us=15140010 exec_us=10 slack_us=9990 overrun=false
TICK tick=1515 ts_ms=15150
TIMING tick=1515 ts_start_us=15150000 ts_end_us=15150010 exec_us=10 slack_us=9990 overrun=false
TICK tick=1516 ts_ms=15160
TIMING tick=1516 ts_start_us=15160000 ts_end_us=15160010 exec_us=10 slack_us=9990 overrun=false
TICK tick=1517 ts_ms=15170
TIMING tick=1517 ts_start_us=15170000 ts_end_us=15170010 exec_us=10 slack_us=9990 overrun=false
TICK tick=1518 ts_ms=15180
TIMING tick=1518 ts_start_us=15180000 ts_end_us=15180010 exec_us=10 slack_us=9990 overrun=false
TICK tick=1519 ts_ms=15190
TIMING tick=1519 ts_start_us=15190000 ts_end_us=15190010 exec_us=10 slack_us=9990 overrun=false
TICK tick=1520 ts_ms=15200
TIMING tick=1520 ts_start_us=15200000 ts_end_us=15200010 exec_us=10 slack_us=9990 overrun=false
TICK tick=1521 ts_ms=15210
TIMING tick=1521 ts_start_us=15210000 ts_end_us=15210010 exec_us=10 slack_us=9990 overrun=false
TICK tick=1522 ts_ms=15220
TIMING tick=1522 ts_start_us=15220000 ts_end_us=15220010 exec_us=10 slack_us=9990 overrun=false
TICK tick=1523 ts_ms=15230
TIMING tick=1523 ts_start_us=15230000 ts_end_us=15230010 exec_us=10 slack_us=9990 overrun=false
TICK tick=1524 ts_ms=15240
TIMING tick=1524 ts_start_us=15240000 ts_end_us=15240010 exec_us=10 slack_us=9990 overrun=false
TICK tick=1525 ts_ms=15250
TIMING tick=1525 ts_start_us=15250000 ts_end_us=15250010 exec_us=10 slack_us=9990 overrun=false
TICK tick=1526 ts_ms=15260
TIMING tick=1526 ts_start_us=15260000 ts_end_us=15260010 exec_us=10 slack_us=9990 overrun=false
TICK tick=1527 ts_ms=15270
TIMING tick=1527 ts_start_us=15270000 ts_end_us=15270010 exec_us=10 slack_us=9990 overrun=false
TICK tick=1528 ts_ms=15280
TIMING tick=1528 ts_start_us=15280000 ts_end_us=15280010 exec_us=10 slack_us=9990 overrun=false
TICK tick=1529 ts_ms=15290
TIMING tick=1529 ts_start_us=15290000 ts_end_us=15290010 exec_us=10 slack_us=9990 overrun=false
TICK tick=1530 ts_ms=15300
TIMING tick=1530 ts_start_us=15300000 ts_end_us=15300010 exec_us=10 slack_us=9990 overrun=false
TICK tick=1531 ts_ms=15310
TIMING tick=1531 ts_start_us=15310000 ts_end_us=15310010 exec_us=10 slack_us=9990 overrun=false
TICK tick=1532 ts_ms=15320
TIMING tick=1532 ts_start_us=15320000 ts_end_us=15320010 exec_us=10 slack_us=9990 overrun=false
TICK tick=1533 ts_ms=15330
TIMING tick=1533 ts_start_us=15330000 ts_end_us=15330010 exec_us=10 slack_us=9990 overrun=false
TICK tick=1534 ts_ms=15340
TIMING tick=1534 ts_start_us=15340000 ts_end_us=15340010 exec_us=10 slack_us=9990 overrun=false
TICK tick=1535 ts_ms=15350
TIMING tick=1535 ts_start_us=15350000 ts_end_us=15350010 exec_us=10 slack_us=9990 overrun=false
TICK tick=1536 ts_ms=15360
TIMING tick=1536 ts_start_us=15360000 ts_end_us=15360010 exec_us=10 slack_us=9990 overrun=false
TICK tick=1537 ts_ms=15370
TIMING tick=1537 ts_start_us=15370000 ts_end_us=15370010 exec_us=10 slack_us=9990 overrun=false
TICK tick=1538 ts_ms=15380
TIMING tick=1538 ts_start_us=15380000 ts_end_us=15380010 exec_us=10 slack_us=9990 overrun=false
TICK tick=1539 ts_ms=15390
TIMING tick=1539 ts_start_us=15390000 ts_end_us=15390010 exec_us=10 slack_us=9990 overrun=false
TICK tick=1540 ts_ms=15400
TIMING tick=1540 ts_start_us=15400000 ts_end_us=15400010 exec_us=10 slack_us=9990 overrun=false
TICK tick=1541 ts_ms=15410
TIMING tick=1541 ts_start_us=15410000 ts_end_us=15410010 exec_us=10 slack_us=9990 overrun=false
TICK tick=1542 ts_ms=15420
TIMING tick=1542 ts_start_us=15420000 ts_end_us=15420010 exec_us=10 slack_us=9990 overrun=false
TICK tick=1543 ts_ms=15430
TIMING tick=1543 ts_start_us=15430000 ts_end_us=15430010 exec_us=10 slack_us=9990 overrun=false
TICK tick=1544 ts_ms=15440
TIMING tick=1544 ts_start_us=15440000 ts_end_us=15440010 exec_us=10 slack_us=9990 overrun=false
TICK tick=1545 ts_ms=15450
TIMING tick=1545 ts_start_us=15450000 ts_end_us=15450010 exec_us=10 slack_us=9990 overrun=false
TICK tick=1546 ts_ms=15460
TIMING tick=1546 ts_start_us=15460000 ts_end_us=15460010 exec_us=10 slack_us=9990 overrun=false
TICK tick=1547 ts_ms=15470
TIMING tick=1547 ts_start_us=15470000 ts_end_us=15470010 exec_us=10 slack_us=9990 overrun=false
TICK tick=1548 ts_ms=15480
TIMING tick=1548 ts_start_us=15480000 ts_end_us=15480010 exec_us=10 slack_us=9990 overrun=false
TICK tick=1549 ts_ms=15490
TIMING tick=1549 ts_start_us=15490000 ts_end_us=15490010 exec_us=10 slack_us=9990 overrun=false
TICK tick=1550 ts_ms=15500
TIMING tick=1550 ts_start_us=15500000 ts_end_us=15500010 exec_us=10 slack_us=9990 overrun=false
TICK tick=1551 ts_ms=15510
TIMING tick=1551 ts_start_us=15510000 ts_end_us=15510010 exec_us=10 slack_us=9990 overrun=false
TICK tick=1552 ts_ms=15520
TIMING tick=1552 ts_start_us=15520000 ts_end_us=15520010 exec_us=10 slack_us=9990 overrun=false
TICK tick=1553 ts_ms=15530
TIMING tick=1553 ts_start_us=15530000 ts_end_us=15530010 exec_us=10 slack_us=9990 overrun=false
TICK tick=1554 ts_ms=15540
TIMING tick=1554 ts_start_us=15540000 ts_end_us=15540010 exec_us=10 slack_us=9990 overrun=false
TICK tick=1555 ts_ms=15550
TIMING tick=1555 ts_start_us=15550000 ts_end_us=15550010 exec_us=10 slack_us=9990 overrun=false
TICK tick=1556 ts_ms=15560
TIMING tick=1556 ts_start_us=15560000 ts_end_us=15560010 exec_us=10 slack_us=9990 overrun=false
TICK tick=1557 ts_ms=15570
TIMING tick=1557 ts_start_us=15570000 ts_end_us=15570010 exec_us=10 slack_us=9990 overrun=false
TICK tick=1558 ts_ms=15580
TIMING tick=1558 ts_start_us=15580000 ts_end_us=15580010 exec_us=10 slack_us=9990 overrun=false
TICK tick=1559 ts_ms=15590
TIMING tick=1559 ts_start_us=15590000 ts_end_us=15590010 exec_us=10 slack_us=9990 overrun=false
TICK tick=1560 ts_ms=15600
TIMING tick=1560 ts_start_us=15600000 ts_end_us=15600010 exec_us=10 slack_us=9990 overrun=false
TICK tick=1561 ts_ms=15610
TIMING tick=1561 ts_start_us=15610000 ts_end_us=15610010 exec_us=10 slack_us=9990 overrun=false
TICK tick=1562 ts_ms=15620
TIMING tick=1562 ts_start_us=15620000 ts_end_us=15620010 exec_us=10 slack_us=9990 overrun=false
TICK tick=1563 ts_ms=15630
TIMING tick=1563 ts_start_us=15630000 ts_end_us=15630010 exec_us=10 slack_us=9990 overrun=false
TICK tick=1564 ts_ms=15640
TIMING tick=1564 ts_start_us=15640000 ts_end_us=15640010 exec_us=10 slack_us=9990 overrun=false
TICK tick=1565 ts_ms=15650
TIMING tick=1565 ts_start_us=15650000 ts_end_us=15650010 exec_us=10 slack_us=9990 overrun=false
TICK tick=1566 ts_ms=15660
TIMING tick=1566 ts_start_us=15660000 ts_end_us=15660010 exec_us=10 slack_us=9990 overrun=false
TICK tick=1567 ts_ms=15670
TIMING tick=1567 ts_start_us=15670000 ts_end_us=15670010 exec_us=10 slack_us=9990 overrun=false
TICK tick=1568 ts_ms=15680
TIMING tick=1568 ts_start_us=15680000 ts_end_us=15680010 exec_us=10 slack_us=9990 overrun=false
TICK tick=1569 ts_ms=15690
TIMING tick=1569 ts_start_us=15690000 ts_end_us=15690010 exec_us=10 slack_us=9990 overrun=false
TICK tick=1570 ts_ms=15700
TIMING tick=1570 ts_start_us=15700000 ts_end_us=15700010 exec_us=10 slack_us=9990 overrun=false
TICK tick=1571 ts_ms=15710
TIMING tick=1571 ts_start_us=15710000 ts_end_us=15710010 exec_us=10 slack_us=9990 overrun=false
TICK tick=1572 ts_ms=15720
TIMING tick=1572 ts_start_us=15720000 ts_end_us=15720010 exec_us=10 slack_us=9990 overrun=false
TICK tick=1573 ts_ms=15730
TIMING tick=1573 ts_start_us=15730000 ts_end_us=15730010 exec_us=10 slack_us=9990 overrun=false
TICK tick=1574 ts_ms=15740
TIMING tick=1574 ts_start_us=15740000 ts_end_us=15740010 exec_us=10 slack_us=9990 overrun=false
TICK tick=1575 ts_ms=15750
TIMING tick=1575 ts_start_us=15750000 ts_end_us=15750010 exec_us=10 slack_us=9990 overrun=false
TICK tick=1576 ts_ms=15760
TIMING tick=1576 ts_start_us=15760000 ts_end_us=15760010 exec_us=10 slack_us=9990 overrun=false
TICK tick=1577 ts_ms=15770
TIMING tick=1577 ts_start_us=15770000 ts_end_us=15770010 exec_us=10 slack_us=9990 overrun=false
TICK tick=1578 ts_ms=15780
TIMING tick=1578 ts_start_us=15780000 ts_end_us=15780010 exec_us=10 slack_us=9990 overrun=false
TICK tick=1579 ts_ms=15790
TIMING tick=1579 ts_start_us=15790000 ts_end_us=15790010 exec_us=10 slack_us=9990 overrun=false
TICK tick=1580 ts_ms=15800
TIMING tick=1580 ts_start_us=15800000 ts_end_us=15800010 exec_us=10 slack_us=9990 overrun=false
TICK tick=1581 ts_ms=15810
TIMING tick=1581 ts_start_us=15810000 ts_end_us=15810010 exec_us=10 slack_us=9990 overrun=false
TICK tick=1582 ts_ms=15820
TIMING tick=1582 ts_start_us=15820000 ts_end_us=15820010 exec_us=10 slack_us=9990 overrun=false
TICK tick=1583 ts_ms=15830
TIMING tick=1583 ts_start_us=15830000 ts_end_us=15830010 exec_us=10 slack_us=9990 overrun=false
TICK tick=1584 ts_ms=15840
TIMING tick=1584 ts_start_us=15840000 ts_end_us=15840010 exec_us=10 slack_us=9990 overrun=false
TICK tick=1585 ts_ms=15850
TIMING tick=1585 ts_start_us=15850000 ts_end_us=15850010 exec_us=10 slack_us=9990 overrun=false
TICK tick=1586 ts_ms=15860
TIMING tick=1586 ts_start_us=15860000 ts_end_us=15860010 exec_us=10 slack_us=9990 overrun=false
TICK tick=1587 ts_ms=15870
TIMING tick=1587 ts_start_us=15870000 ts_end_us=15870010 exec_us=10 slack_us=9990 overrun=false
TICK tick=1588 ts_ms=15880
TIMING tick=1588 ts_start_us=15880000 ts_end_us=15880010 exec_us=10 slack_us=9990 overrun=false
TICK tick=1589 ts_ms=15890
TIMING tick=1589 ts_start_us=15890000 ts_end_us=15890010 exec_us=10 slack_us=9990 overrun=false
TICK tick=1590 ts_ms=15900
TIMING tick=1590 ts_start_us=15900000 ts_end_us=15900010 exec_us=10 slack_us=9990 overrun=false
TICK tick=1591 ts_ms=15910
TIMING tick=1591 ts_start_us=15910000 ts_end_us=15910010 exec_us=10 slack_us=9990 overrun=false
TICK tick=1592 ts_ms=15920
TIMING tick=1592 ts_start_us=15920000 ts_end_us=15920010 exec_us=10 slack_us=9990 overrun=false
TICK tick=1593 ts_ms=15930
TIMING tick=1593 ts_start_us=15930000 ts_end_us=15930010 exec_us=10 slack_us=9990 overrun=false
TICK tick=1594 ts_ms=15940
TIMING tick=1594 ts_start_us=15940000 ts_end_us=15940010 exec_us=10 slack_us=9990 overrun=false
TICK tick=1595 ts_ms=15950
TIMING tick=1595 ts_start_us=15950000 ts_end_us=15950010 exec_us=10 slack_us=9990 overrun=false
TICK tick=1596 ts_ms=15960
TIMING tick=1596 ts_start_us=15960000 ts_end_us=15960010 exec_us=10 slack_us=9990 overrun=false
TICK tick=1597 ts_ms=15970
TIMING tick=1597 ts_start_us=15970000 ts_end_us=15970010 exec_us=10 slack_us=9990 overrun=false
TICK tick=1598 ts_ms=15980
TIMING tick=1598 ts_start_us=15980000 ts_end_us=15980010 exec_us=10 slack_us=9990 overrun=false
TICK tick=1599 ts_ms=15990
TIMING tick=1599 ts_start_us=15990000 ts_end_us=15990010 exec_us=10 slack_us=9990 overrun=false
TICK tick=1600 ts_ms=16000
TIMING tick=1600 ts_start_us=16000000 ts_end_us=16000010 exec_us=10 slack_us=9990 overrun=false
TICK tick=1601 ts_ms=16010
TIMING tick=1601 ts_start_us=16010000 ts_end_us=16010010 exec_us=10 slack_us=9990 overrun=false
TICK tick=1602 ts_ms=16020
TIMING tick=1602 ts_start_us=16020000 ts_end_us=16020010 exec_us=10 slack_us=9990 overrun=false
TICK tick=1603 ts_ms=16030
TIMING tick=1603 ts_start_us=16030000 ts_end_us=16030010 exec_us=10 slack_us=9990 overrun=false
TICK tick=1604 ts_ms=16040
TIMING tick=1604 ts_start_us=16040000 ts_end_us=16040010 exec_us=10 slack_us=9990 overrun=false
TICK tick=1605 ts_ms=16050
TIMING tick=1605 ts_start_us=16050000 ts_end_us=16050010 exec_us=10 slack_us=9990 overrun=false
TICK tick=1606 ts_ms=16060
TIMING tick=1606 ts_start_us=16060000 ts_end_us=16060010 exec_us=10 slack_us=9990 overrun=false
TICK tick=1607 ts_ms=16070
TIMING tick=1607 ts_start_us=16070000 ts_end_us=16070010 exec_us=10 slack_us=9990 overrun=false
TICK tick=1608 ts_ms=16080
TIMING tick=1608 ts_start_us=16080000 ts_end_us=16080010 exec_us=10 slack_us=9990 overrun=false
TICK tick=1609 ts_ms=16090
TIMING tick=1609 ts_start_us=16090000 ts_end_us=16090010 exec_us=10 slack_us=9990 overrun=false
TICK tick=1610 ts_ms=16100
TIMING tick=1610 ts_start_us=16100000 ts_end_us=16100010 exec_us=10 slack_us=9990 overrun=false
TICK tick=1611 ts_ms=16110
TIMING tick=1611 ts_start_us=16110000 ts_end_us=16110010 exec_us=10 slack_us=9990 overrun=false
TICK tick=1612 ts_ms=16120
TIMING tick=1612 ts_start_us=16120000 ts_end_us=16120010 exec_us=10 slack_us=9990 overrun=false
TICK tick=1613 ts_ms=16130
TIMING tick=1613 ts_start_us=16130000 ts_end_us=16130010 exec_us=10 slack_us=9990 overrun=false
TICK tick=1614 ts_ms=16140
TIMING tick=1614 ts_start_us=16140000 ts_end_us=16140010 exec_us=10 slack_us=9990 overrun=false
TICK tick=1615 ts_ms=16150
TIMING tick=1615 ts_start_us=16150000 ts_end_us=16150010 exec_us=10 slack_us=9990 overrun=false
TICK tick=1616 ts_ms=16160
TIMING tick=1616 ts_start_us=16160000 ts_end_us=16160010 exec_us=10 slack_us=9990 overrun=false
TICK tick=1617 ts_ms=16170
TIMING tick=1617 ts_start_us=16170000 ts_end_us=16170010 exec_us=10 slack_us=9990 overrun=false
TICK tick=1618 ts_ms=16180
TIMING tick=1618 ts_start_us=16180000 ts_end_us=16180010 exec_us=10 slack_us=9990 overrun=false
TICK tick=1619 ts_ms=16190
TIMING tick=1619 ts_start_us=16190000 ts_end_us=16190010 exec_us=10 slack_us=9990 overrun=false
TICK tick=1620 ts_ms=16200
TIMING tick=1620 ts_start_us=16200000 ts_end_us=16200010 exec_us=10 slack_us=9990 overrun=false
TICK tick=1621 ts_ms=16210
TIMING tick=1621 ts_start_us=16210000 ts_end_us=16210010 exec_us=10 slack_us=9990 overrun=false
TICK tick=1622 ts_ms=16220
TIMING tick=1622 ts_start_us=16220000 ts_end_us=16220010 exec_us=10 slack_us=9990 overrun=false
TICK tick=1623 ts_ms=16230
TIMING tick=1623 ts_start_us=16230000 ts_end_us=16230010 exec_us=10 slack_us=9990 overrun=false
TICK tick=1624 ts_ms=16240
TIMING tick=1624 ts_start_us=16240000 ts_end_us=16240010 exec_us=10 slack_us=9990 overrun=false
TICK tick=1625 ts_ms=16250
TIMING tick=1625 ts_start_us=16250000 ts_end_us=16250010 exec_us=10 slack_us=9990 overrun=false
TICK tick=1626 ts_ms=16260
TIMING tick=1626 ts_start_us=16260000 ts_end_us=16260010 exec_us=10 slack_us=9990 overrun=false
TICK tick=1627 ts_ms=16270
TIMING tick=1627 ts_start_us=16270000 ts_end_us=16270010 exec_us=10 slack_us=9990 overrun=false
TICK tick=1628 ts_ms=16280
TIMING tick=1628 ts_start_us=16280000 ts_end_us=16280010 exec_us=10 slack_us=9990 overrun=false
TICK tick=1629 ts_ms=16290
TIMING tick=1629 ts_start_us=16290000 ts_end_us=16290010 exec_us=10 slack_us=9990 overrun=false
TICK tick=1630 ts_ms=16300
TIMING tick=1630 ts_start_us=16300000 ts_end_us=16300010 exec_us=10 slack_us=9990 overrun=false
TICK tick=1631 ts_ms=16310
TIMING tick=1631 ts_start_us=16310000 ts_end_us=16310010 exec_us=10 slack_us=9990 overrun=false
TICK tick=1632 ts_ms=16320
TIMING tick=1632 ts_start_us=16320000 ts_end_us=16320010 exec_us=10 slack_us=9990 overrun=false
TICK tick=1633 ts_ms=16330
TIMING tick=1633 ts_start_us=16330000 ts_end_us=16330010 exec_us=10 slack_us=9990 overrun=false
TICK tick=1634 ts_ms=16340
TIMING tick=1634 ts_start_us=16340000 ts_end_us=16340010 exec_us=10 slack_us=9990 overrun=false
TICK tick=1635 ts_ms=16350
TIMING tick=1635 ts_start_us=16350000 ts_end_us=16350010 exec_us=10 slack_us=9990 overrun=false
TICK tick=1636 ts_ms=16360
TIMING tick=1636 ts_start_us=16360000 ts_end_us=16360010 exec_us=10 slack_us=9990 overrun=false
TICK tick=1637 ts_ms=16370
TIMING tick=1637 ts_start_us=16370000 ts_end_us=16370010 exec_us=10 slack_us=9990 overrun=false
TICK tick=1638 ts_ms=16380
TIMING tick=1638 ts_start_us=16380000 ts_end_us=16380010 exec_us=10 slack_us=9990 overrun=false
TICK tick=1639 ts_ms=16390
TIMING tick=1639 ts_start_us=16390000 ts_end_us=16390010 exec_us=10 slack_us=9990 overrun=false
TICK tick=1640 ts_ms=16400
TIMING tick=1640 ts_start_us=16400000 ts_end_us=16400010 exec_us=10 slack_us=9990 overrun=false
TICK tick=1641 ts_ms=16410
TIMING tick=1641 ts_start_us=16410000 ts_end_us=16410010 exec_us=10 slack_us=9990 overrun=false
TICK tick=1642 ts_ms=16420
TIMING tick=1642 ts_start_us=16420000 ts_end_us=16420010 exec_us=10 slack_us=9990 overrun=false
TICK tick=1643 ts_ms=16430
TIMING tick=1643 ts_start_us=16430000 ts_end_us=16430010 exec_us=10 slack_us=9990 overrun=false
TICK tick=1644 ts_ms=16440
TIMING tick=1644 ts_start_us=16440000 ts_end_us=16440010 exec_us=10 slack_us=9990 overrun=false
TICK tick=1645 ts_ms=16450
TIMING tick=1645 ts_start_us=16450000 ts_end_us=16450010 exec_us=10 slack_us=9990 overrun=false
TICK tick=1646 ts_ms=16460
TIMING tick=1646 ts_start_us=16460000 ts_end_us=16460010 exec_us=10 slack_us=9990 overrun=false
TICK tick=1647 ts_ms=16470
TIMING tick=1647 ts_start_us=16470000 ts_end_us=16470010 exec_us=10 slack_us=9990 overrun=false
TICK tick=1648 ts_ms=16480
TIMING tick=1648 ts_start_us=16480000 ts_end_us=16480010 exec_us=10 slack_us=9990 overrun=false
TICK tick=1649 ts_ms=16490
TIMING tick=1649 ts_start_us=16490000 ts_end_us=16490010 exec_us=10 slack_us=9990 overrun=false
TICK tick=1650 ts_ms=16500
TIMING tick=1650 ts_start_us=16500000 ts_end_us=16500010 exec_us=10 slack_us=9990 overrun=false
TICK tick=1651 ts_ms=16510
TIMING tick=1651 ts_start_us=16510000 ts_end_us=16510010 exec_us=10 slack_us=9990 overrun=false
TICK tick=1652 ts_ms=16520
TIMING tick=1652 ts_start_us=16520000 ts_end_us=16520010 exec_us=10 slack_us=9990 overrun=false
TICK tick=1653 ts_ms=16530
TIMING tick=1653 ts_start_us=16530000 ts_end_us=16530010 exec_us=10 slack_us=9990 overrun=false
TICK tick=1654 ts_ms=16540
TIMING tick=1654 ts_start_us=16540000 ts_end_us=16540010 exec_us=10 slack_us=9990 overrun=false
TICK tick=1655 ts_ms=16550
TIMING tick=1655 ts_start_us=16550000 ts_end_us=16550010 exec_us=10 slack_us=9990 overrun=false
TICK tick=1656 ts_ms=16560
TIMING tick=1656 ts_start_us=16560000 ts_end_us=16560010 exec_us=10 slack_us=9990 overrun=false
TICK tick=1657 ts_ms=16570
TIMING tick=1657 ts_start_us=16570000 ts_end_us=16570010 exec_us=10 slack_us=9990 overrun=false
TICK tick=1658 ts_ms=16580
TIMING tick=1658 ts_start_us=16580000 ts_end_us=16580010 exec_us=10 slack_us=9990 overrun=false
TICK tick=1659 ts_ms=16590
TIMING tick=1659 ts_start_us=16590000 ts_end_us=16590010 exec_us=10 slack_us=9990 overrun=false
TICK tick=1660 ts_ms=16600
TIMING tick=1660 ts_start_us=16600000 ts_end_us=16600010 exec_us=10 slack_us=9990 overrun=false
TICK tick=1661 ts_ms=16610
TIMING tick=1661 ts_start_us=16610000 ts_end_us=16610010 exec_us=10 slack_us=9990 overrun=false
TICK tick=1662 ts_ms=16620
TIMING tick=1662 ts_start_us=16620000 ts_end_us=16620010 exec_us=10 slack_us=9990 overrun=false
TICK tick=1663 ts_ms=16630
TIMING tick=1663 ts_start_us=16630000 ts_end_us=16630010 exec_us=10 slack_us=9990 overrun=false
TICK tick=1664 ts_ms=16640
TIMING tick=1664 ts_start_us=16640000 ts_end_us=16640010 exec_us=10 slack_us=9990 overrun=false
TICK tick=1665 ts_ms=16650
TIMING tick=1665 ts_start_us=16650000 ts_end_us=16650010 exec_us=10 slack_us=9990 overrun=false
TICK tick=1666 ts_ms=16660
TIMING tick=1666 ts_start_us=16660000 ts_end_us=16660010 exec_us=10 slack_us=9990 overrun=false
TICK tick=1667 ts_ms=16670
TIMING tick=1667 ts_start_us=16670000 ts_end_us=16670010 exec_us=10 slack_us=9990 overrun=false
TICK tick=1668 ts_ms=16680
TIMING tick=1668 ts_start_us=16680000 ts_end_us=16680010 exec_us=10 slack_us=9990 overrun=false
TICK tick=1669 ts_ms=16690
TIMING tick=1669 ts_start_us=16690000 ts_end_us=16690010 exec_us=10 slack_us=9990 overrun=false
TICK tick=1670 ts_ms=16700
TIMING tick=1670 ts_start_us=16700000 ts_end_us=16700010 exec_us=10 slack_us=9990 overrun=false
TICK tick=1671 ts_ms=16710
TIMING tick=1671 ts_start_us=16710000 ts_end_us=16710010 exec_us=10 slack_us=9990 overrun=false
TICK tick=1672 ts_ms=16720
TIMING tick=1672 ts_start_us=16720000 ts_end_us=16720010 exec_us=10 slack_us=9990 overrun=false
TICK tick=1673 ts_ms=16730
TIMING tick=1673 ts_start_us=16730000 ts_end_us=16730010 exec_us=10 slack_us=9990 overrun=false
TICK tick=1674 ts_ms=16740
TIMING tick=1674 ts_start_us=16740000 ts_end_us=16740010 exec_us=10 slack_us=9990 overrun=false
TICK tick=1675 ts_ms=16750
TIMING tick=1675 ts_start_us=16750000 ts_end_us=16750010 exec_us=10 slack_us=9990 overrun=false
TICK tick=1676 ts_ms=16760
TIMING tick=1676 ts_start_us=16760000 ts_end_us=16760010 exec_us=10 slack_us=9990 overrun=false
TICK tick=1677 ts_ms=16770
TIMING tick=1677 ts_start_us=16770000 ts_end_us=16770010 exec_us=10 slack_us=9990 overrun=false
TICK tick=1678 ts_ms=16780
TIMING tick=1678 ts_start_us=16780000 ts_end_us=16780010 exec_us=10 slack_us=9990 overrun=false
TICK tick=1679 ts_ms=16790
TIMING tick=1679 ts_start_us=16790000 ts_end_us=16790010 exec_us=10 slack_us=9990 overrun=false
TICK tick=1680 ts_ms=16800
TIMING tick=1680 ts_start_us=16800000 ts_end_us=16800010 exec_us=10 slack_us=9990 overrun=false
TICK tick=1681 ts_ms=16810
TIMING tick=1681 ts_start_us=16810000 ts_end_us=16810010 exec_us=10 slack_us=9990 overrun=false
TICK tick=1682 ts_ms=16820
TIMING tick=1682 ts_start_us=16820000 ts_end_us=16820010 exec_us=10 slack_us=9990 overrun=false
TICK tick=1683 ts_ms=16830
TIMING tick=1683 ts_start_us=16830000 ts_end_us=16830010 exec_us=10 slack_us=9990 overrun=false
TICK tick=1684 ts_ms=16840
TIMING tick=1684 ts_start_us=16840000 ts_end_us=16840010 exec_us=10 slack_us=9990 overrun=false
TICK tick=1685 ts_ms=16850
TIMING tick=1685 ts_start_us=16850000 ts_end_us=16850010 exec_us=10 slack_us=9990 overrun=false
TICK tick=1686 ts_ms=16860
TIMING tick=1686 ts_start_us=16860000 ts_end_us=16860010 exec_us=10 slack_us=9990 overrun=false
TICK tick=1687 ts_ms=16870
TIMING tick=1687 ts_start_us=16870000 ts_end_us=16870010 exec_us=10 slack_us=9990 overrun=false
TICK tick=1688 ts_ms=16880
TIMING tick=1688 ts_start_us=16880000 ts_end_us=16880010 exec_us=10 slack_us=9990 overrun=false
TICK tick=1689 ts_ms=16890
TIMING tick=1689 ts_start_us=16890000 ts_end_us=16890010 exec_us=10 slack_us=9990 overrun=false
TICK tick=1690 ts_ms=16900
TIMING tick=1690 ts_start_us=16900000 ts_end_us=16900010 exec_us=10 slack_us=9990 overrun=false
TICK tick=1691 ts_ms=16910
TIMING tick=1691 ts_start_us=16910000 ts_end_us=16910010 exec_us=10 slack_us=9990 overrun=false
TICK tick=1692 ts_ms=16920
TIMING tick=1692 ts_start_us=16920000 ts_end_us=16920010 exec_us=10 slack_us=9990 overrun=false
TICK tick=1693 ts_ms=16930
TIMING tick=1693 ts_start_us=16930000 ts_end_us=16930010 exec_us=10 slack_us=9990 overrun=false
TICK tick=1694 ts_ms=16940
TIMING tick=1694 ts_start_us=16940000 ts_end_us=16940010 exec_us=10 slack_us=9990 overrun=false
TICK tick=1695 ts_ms=16950
TIMING tick=1695 ts_start_us=16950000 ts_end_us=16950010 exec_us=10 slack_us=9990 overrun=false
TICK tick=1696 ts_ms=16960
TIMING tick=1696 ts_start_us=16960000 ts_end_us=16960010 exec_us=10 slack_us=9990 overrun=false
TICK tick=1697 ts_ms=16970
TIMING tick=1697 ts_start_us=16970000 ts_end_us=16970010 exec_us=10 slack_us=9990 overrun=false
TICK tick=1698 ts_ms=16980
TIMING tick=1698 ts_start_us=16980000 ts_end_us=16980010 exec_us=10 slack_us=9990 overrun=false
TICK tick=1699 ts_ms=16990
TIMING tick=1699 ts_start_us=16990000 ts_end_us=16990010 exec_us=10 slack_us=9990 overrun=false
TICK tick=1700 ts_ms=17000
TIMING tick=1700 ts_start_us=17000000 ts_end_us=17000010 exec_us=10 slack_us=9990 overrun=false
TICK tick=1701 ts_ms=17010
TIMING tick=1701 ts_start_us=17010000 ts_end_us=17010010 exec_us=10 slack_us=9990 overrun=false
TICK tick=1702 ts_ms=17020
TIMING tick=1702 ts_start_us=17020000 ts_end_us=17020010 exec_us=10 slack_us=9990 overrun=false
TICK tick=1703 ts_ms=17030
TIMING tick=1703 ts_start_us=17030000 ts_end_us=17030010 exec_us=10 slack_us=9990 overrun=false
TICK tick=1704 ts_ms=17040
TIMING tick=1704 ts_start_us=17040000 ts_end_us=17040010 exec_us=10 slack_us=9990 overrun=false
TICK tick=1705 ts_ms=17050
TIMING tick=1705 ts_start_us=17050000 ts_end_us=17050010 exec_us=10 slack_us=9990 overrun=false
TICK tick=1706 ts_ms=17060
TIMING tick=1706 ts_start_us=17060000 ts_end_us=17060010 exec_us=10 slack_us=9990 overrun=false
TICK tick=1707 ts_ms=17070
TIMING tick=1707 ts_start_us=17070000 ts_end_us=17070010 exec_us=10 slack_us=9990 overrun=false
TICK tick=1708 ts_ms=17080
TIMING tick=1708 ts_start_us=17080000 ts_end_us=17080010 exec_us=10 slack_us=9990 overrun=false
TICK tick=1709 ts_ms=17090
TIMING tick=1709 ts_start_us=17090000 ts_end_us=17090010 exec_us=10 slack_us=9990 overrun=false
TICK tick=1710 ts_ms=17100
TIMING tick=1710 ts_start_us=17100000 ts_end_us=17100010 exec_us=10 slack_us=9990 overrun=false
TICK tick=1711 ts_ms=17110
TIMING tick=1711 ts_start_us=17110000 ts_end_us=17110010 exec_us=10 slack_us=9990 overrun=false
TICK tick=1712 ts_ms=17120
TIMING tick=1712 ts_start_us=17120000 ts_end_us=17120010 exec_us=10 slack_us=9990 overrun=false
TICK tick=1713 ts_ms=17130
TIMING tick=1713 ts_start_us=17130000 ts_end_us=17130010 exec_us=10 slack_us=9990 overrun=false
TICK tick=1714 ts_ms=17140
TIMING tick=1714 ts_start_us=17140000 ts_end_us=17140010 exec_us=10 slack_us=9990 overrun=false
TICK tick=1715 ts_ms=17150
TIMING tick=1715 ts_start_us=17150000 ts_end_us=17150010 exec_us=10 slack_us=9990 overrun=false
TICK tick=1716 ts_ms=17160
TIMING tick=1716 ts_start_us=17160000 ts_end_us=17160010 exec_us=10 slack_us=9990 overrun=false
TICK tick=1717 ts_ms=17170
TIMING tick=1717 ts_start_us=17170000 ts_end_us=17170010 exec_us=10 slack_us=9990 overrun=false
TICK tick=1718 ts_ms=17180
TIMING tick=1718 ts_start_us=17180000 ts_end_us=17180010 exec_us=10 slack_us=9990 overrun=false
TICK tick=1719 ts_ms=17190
TIMING tick=1719 ts_start_us=17190000 ts_end_us=17190010 exec_us=10 slack_us=9990 overrun=false
TICK tick=1720 ts_ms=17200
TIMING tick=1720 ts_start_us=17200000 ts_end_us=17200010 exec_us=10 slack_us=9990 overrun=false
TICK tick=1721 ts_ms=17210
TIMING tick=1721 ts_start_us=17210000 ts_end_us=17210010 exec_us=10 slack_us=9990 overrun=false
TICK tick=1722 ts_ms=17220
TIMING tick=1722 ts_start_us=17220000 ts_end_us=17220010 exec_us=10 slack_us=9990 overrun=false
TICK tick=1723 ts_ms=17230
TIMING tick=1723 ts_start_us=17230000 ts_end_us=17230010 exec_us=10 slack_us=9990 overrun=false
TICK tick=1724 ts_ms=17240
TIMING tick=1724 ts_start_us=17240000 ts_end_us=17240010 exec_us=10 slack_us=9990 overrun=false
TICK tick=1725 ts_ms=17250
TIMING tick=1725 ts_start_us=17250000 ts_end_us=17250010 exec_us=10 slack_us=9990 overrun=false
TICK tick=1726 ts_ms=17260
TIMING tick=1726 ts_start_us=17260000 ts_end_us=17260010 exec_us=10 slack_us=9990 overrun=false
TICK tick=1727 ts_ms=17270
TIMING tick=1727 ts_start_us=17270000 ts_end_us=17270010 exec_us=10 slack_us=9990 overrun=false
TICK tick=1728 ts_ms=17280
TIMING tick=1728 ts_start_us=17280000 ts_end_us=17280010 exec_us=10 slack_us=9990 overrun=false
TICK tick=1729 ts_ms=17290
TIMING tick=1729 ts_start_us=17290000 ts_end_us=17290010 exec_us=10 slack_us=9990 overrun=false
TICK tick=1730 ts_ms=17300
TIMING tick=1730 ts_start_us=17300000 ts_end_us=17300010 exec_us=10 slack_us=9990 overrun=false
TICK tick=1731 ts_ms=17310
TIMING tick=1731 ts_start_us=17310000 ts_end_us=17310010 exec_us=10 slack_us=9990 overrun=false
TICK tick=1732 ts_ms=17320
TIMING tick=1732 ts_start_us=17320000 ts_end_us=17320010 exec_us=10 slack_us=9990 overrun=false
TICK tick=1733 ts_ms=17330
TIMING tick=1733 ts_start_us=17330000 ts_end_us=17330010 exec_us=10 slack_us=9990 overrun=false
TICK tick=1734 ts_ms=17340
TIMING tick=1734 ts_start_us=17340000 ts_end_us=17340010 exec_us=10 slack_us=9990 overrun=false
TICK tick=1735 ts_ms=17350
TIMING tick=1735 ts_start_us=17350000 ts_end_us=17350010 exec_us=10 slack_us=9990 overrun=false
TICK tick=1736 ts_ms=17360
TIMING tick=1736 ts_start_us=17360000 ts_end_us=17360010 exec_us=10 slack_us=9990 overrun=false
TICK tick=1737 ts_ms=17370
TIMING tick=1737 ts_start_us=17370000 ts_end_us=17370010 exec_us=10 slack_us=9990 overrun=false
TICK tick=1738 ts_ms=17380
TIMING tick=1738 ts_start_us=17380000 ts_end_us=17380010 exec_us=10 slack_us=9990 overrun=false
TICK tick=1739 ts_ms=17390
TIMING tick=1739 ts_start_us=17390000 ts_end_us=17390010 exec_us=10 slack_us=9990 overrun=false
TICK tick=1740 ts_ms=17400
TIMING tick=1740 ts_start_us=17400000 ts_end_us=17400010 exec_us=10 slack_us=9990 overrun=false
TICK tick=1741 ts_ms=17410
TIMING tick=1741 ts_start_us=17410000 ts_end_us=17410010 exec_us=10 slack_us=9990 overrun=false
TICK tick=1742 ts_ms=17420
TIMING tick=1742 ts_start_us=17420000 ts_end_us=17420010 exec_us=10 slack_us=9990 overrun=false
TICK tick=1743 ts_ms=17430
TIMING tick=1743 ts_start_us=17430000 ts_end_us=17430010 exec_us=10 slack_us=9990 overrun=false
TICK tick=1744 ts_ms=17440
TIMING tick=1744 ts_start_us=17440000 ts_end_us=17440010 exec_us=10 slack_us=9990 overrun=false
TICK tick=1745 ts_ms=17450
TIMING tick=1745 ts_start_us=17450000 ts_end_us=17450010 exec_us=10 slack_us=9990 overrun=false
TICK tick=1746 ts_ms=17460
TIMING tick=1746 ts_start_us=17460000 ts_end_us=17460010 exec_us=10 slack_us=9990 overrun=false
TICK tick=1747 ts_ms=17470
TIMING tick=1747 ts_start_us=17470000 ts_end_us=17470010 exec_us=10 slack_us=9990 overrun=false
TICK tick=1748 ts_ms=17480
TIMING tick=1748 ts_start_us=17480000 ts_end_us=17480010 exec_us=10 slack_us=9990 overrun=false
TICK tick=1749 ts_ms=17490
TIMING tick=1749 ts_start_us=17490000 ts_end_us=17490010 exec_us=10 slack_us=9990 overrun=false
TICK tick=1750 ts_ms=17500
TIMING tick=1750 ts_start_us=17500000 ts_end_us=17500010 exec_us=10 slack_us=9990 overrun=false
TICK tick=1751 ts_ms=17510
TIMING tick=1751 ts_start_us=17510000 ts_end_us=17510010 exec_us=10 slack_us=9990 overrun=false
TICK tick=1752 ts_ms=17520
TIMING tick=1752 ts_start_us=17520000 ts_end_us=17520010 exec_us=10 slack_us=9990 overrun=false
TICK tick=1753 ts_ms=17530
TIMING tick=1753 ts_start_us=17530000 ts_end_us=17530010 exec_us=10 slack_us=9990 overrun=false
TICK tick=1754 ts_ms=17540
TIMING tick=1754 ts_start_us=17540000 ts_end_us=17540010 exec_us=10 slack_us=9990 overrun=false
TICK tick=1755 ts_ms=17550
TIMING tick=1755 ts_start_us=17550000 ts_end_us=17550010 exec_us=10 slack_us=9990 overrun=false
TICK tick=1756 ts_ms=17560
TIMING tick=1756 ts_start_us=17560000 ts_end_us=17560010 exec_us=10 slack_us=9990 overrun=false
TICK tick=1757 ts_ms=17570
TIMING tick=1757 ts_start_us=17570000 ts_end_us=17570010 exec_us=10 slack_us=9990 overrun=false
TICK tick=1758 ts_ms=17580
TIMING tick=1758 ts_start_us=17580000 ts_end_us=17580010 exec_us=10 slack_us=9990 overrun=false
TICK tick=1759 ts_ms=17590
TIMING tick=1759 ts_start_us=17590000 ts_end_us=17590010 exec_us=10 slack_us=9990 overrun=false
TICK tick=1760 ts_ms=17600
TIMING tick=1760 ts_start_us=17600000 ts_end_us=17600010 exec_us=10 slack_us=9990 overrun=false
TICK tick=1761 ts_ms=17610
TIMING tick=1761 ts_start_us=17610000 ts_end_us=17610010 exec_us=10 slack_us=9990 overrun=false
TICK tick=1762 ts_ms=17620
TIMING tick=1762 ts_start_us=17620000 ts_end_us=17620010 exec_us=10 slack_us=9990 overrun=false
TICK tick=1763 ts_ms=17630
TIMING tick=1763 ts_start_us=17630000 ts_end_us=17630010 exec_us=10 slack_us=9990 overrun=false
TICK tick=1764 ts_ms=17640
TIMING tick=1764 ts_start_us=17640000 ts_end_us=17640010 exec_us=10 slack_us=9990 overrun=false
TICK tick=1765 ts_ms=17650
TIMING tick=1765 ts_start_us=17650000 ts_end_us=17650010 exec_us=10 slack_us=9990 overrun=false
TICK tick=1766 ts_ms=17660
TIMING tick=1766 ts_start_us=17660000 ts_end_us=17660010 exec_us=10 slack_us=9990 overrun=false
TICK tick=1767 ts_ms=17670
TIMING tick=1767 ts_start_us=17670000 ts_end_us=17670010 exec_us=10 slack_us=9990 overrun=false
TICK tick=1768 ts_ms=17680
TIMING tick=1768 ts_start_us=17680000 ts_end_us=17680010 exec_us=10 slack_us=9990 overrun=false
TICK tick=1769 ts_ms=17690
TIMING tick=1769 ts_start_us=17690000 ts_end_us=17690010 exec_us=10 slack_us=9990 overrun=false
TICK tick=1770 ts_ms=17700
TIMING tick=1770 ts_start_us=17700000 ts_end_us=17700010 exec_us=10 slack_us=9990 overrun=false
TICK tick=1771 ts_ms=17710
TIMING tick=1771 ts_start_us=17710000 ts_end_us=17710010 exec_us=10 slack_us=9990 overrun=false
TICK tick=1772 ts_ms=17720
TIMING tick=1772 ts_start_us=17720000 ts_end_us=17720010 exec_us=10 slack_us=9990 overrun=false
TICK tick=1773 ts_ms=17730
TIMING tick=1773 ts_start_us=17730000 ts_end_us=17730010 exec_us=10 slack_us=9990 overrun=false
TICK tick=1774 ts_ms=17740
TIMING tick=1774 ts_start_us=17740000 ts_end_us=17740010 exec_us=10 slack_us=9990 overrun=false
TICK tick=1775 ts_ms=17750
TIMING tick=1775 ts_start_us=17750000 ts_end_us=17750010 exec_us=10 slack_us=9990 overrun=false
TICK tick=1776 ts_ms=17760
TIMING tick=1776 ts_start_us=17760000 ts_end_us=17760010 exec_us=10 slack_us=9990 overrun=false
TICK tick=1777 ts_ms=17770
TIMING tick=1777 ts_start_us=17770000 ts_end_us=17770010 exec_us=10 slack_us=9990 overrun=false
TICK tick=1778 ts_ms=17780
TIMING tick=1778 ts_start_us=17780000 ts_end_us=17780010 exec_us=10 slack_us=9990 overrun=false
TICK tick=1779 ts_ms=17790
TIMING tick=1779 ts_start_us=17790000 ts_end_us=17790010 exec_us=10 slack_us=9990 overrun=false
TICK tick=1780 ts_ms=17800
TIMING tick=1780 ts_start_us=17800000 ts_end_us=17800010 exec_us=10 slack_us=9990 overrun=false
TICK tick=1781 ts_ms=17810
TIMING tick=1781 ts_start_us=17810000 ts_end_us=17810010 exec_us=10 slack_us=9990 overrun=false
TICK tick=1782 ts_ms=17820
TIMING tick=1782 ts_start_us=17820000 ts_end_us=17820010 exec_us=10 slack_us=9990 overrun=false
TICK tick=1783 ts_ms=17830
TIMING tick=1783 ts_start_us=17830000 ts_end_us=17830010 exec_us=10 slack_us=9990 overrun=false
TICK tick=1784 ts_ms=17840
TIMING tick=1784 ts_start_us=17840000 ts_end_us=17840010 exec_us=10 slack_us=9990 overrun=false
TICK tick=1785 ts_ms=17850
TIMING tick=1785 ts_start_us=17850000 ts_end_us=17850010 exec_us=10 slack_us=9990 overrun=false
TICK tick=1786 ts_ms=17860
TIMING tick=1786 ts_start_us=17860000 ts_end_us=17860010 exec_us=10 slack_us=9990 overrun=false
TICK tick=1787 ts_ms=17870
TIMING tick=1787 ts_start_us=17870000 ts_end_us=17870010 exec_us=10 slack_us=9990 overrun=false
TICK tick=1788 ts_ms=17880
TIMING tick=1788 ts_start_us=17880000 ts_end_us=17880010 exec_us=10 slack_us=9990 overrun=false
TICK tick=1789 ts_ms=17890
TIMING tick=1789 ts_start_us=17890000 ts_end_us=17890010 exec_us=10 slack_us=9990 overrun=false
TICK tick=1790 ts_ms=17900
TIMING tick=1790 ts_start_us=17900000 ts_end_us=17900010 exec_us=10 slack_us=9990 overrun=false
TICK tick=1791 ts_ms=17910
TIMING tick=1791 ts_start_us=17910000 ts_end_us=17910010 exec_us=10 slack_us=9990 overrun=false
TICK tick=1792 ts_ms=17920
TIMING tick=1792 ts_start_us=17920000 ts_end_us=17920010 exec_us=10 slack_us=9990 overrun=false
TICK tick=1793 ts_ms=17930
TIMING tick=1793 ts_start_us=17930000 ts_end_us=17930010 exec_us=10 slack_us=9990 overrun=false
TICK tick=1794 ts_ms=17940
TIMING tick=1794 ts_start_us=17940000 ts_end_us=17940010 exec_us=10 slack_us=9990 overrun=false
TICK tick=1795 ts_ms=17950
TIMING tick=1795 ts_start_us=17950000 ts_end_us=17950010 exec_us=10 slack_us=9990 overrun=false
TICK tick=1796 ts_ms=17960
TIMING tick=1796 ts_start_us=17960000 ts_end_us=17960010 exec_us=10 slack_us=9990 overrun=false
TICK tick=1797 ts_ms=17970
TIMING tick=1797 ts_start_us=17970000 ts_end_us=17970010 exec_us=10 slack_us=9990 overrun=false
TICK tick=1798 ts_ms=17980
TIMING tick=1798 ts_start_us=17980000 ts_end_us=17980010 exec_us=10 slack_us=9990 overrun=false
TICK tick=1799 ts_ms=17990
TIMING tick=1799 ts_start_us=17990000 ts_end_us=17990010 exec_us=10 slack_us=9990 overrun=false
TICK tick=1800 ts_ms=18000
TIMING tick=1800 ts_start_us=18000000 ts_end_us=18000010 exec_us=10 slack_us=9990 overrun=false
TICK tick=1801 ts_ms=18010
TIMING tick=1801 ts_start_us=18010000 ts_end_us=18010010 exec_us=10 slack_us=9990 overrun=false
TICK tick=1802 ts_ms=18020
TIMING tick=1802 ts_start_us=18020000 ts_end_us=18020010 exec_us=10 slack_us=9990 overrun=false
TICK tick=1803 ts_ms=18030
TIMING tick=1803 ts_start_us=18030000 ts_end_us=18030010 exec_us=10 slack_us=9990 overrun=false
TICK tick=1804 ts_ms=18040
TIMING tick=1804 ts_start_us=18040000 ts_end_us=18040010 exec_us=10 slack_us=9990 overrun=false
TICK tick=1805 ts_ms=18050
TIMING tick=1805 ts_start_us=18050000 ts_end_us=18050010 exec_us=10 slack_us=9990 overrun=false
TICK tick=1806 ts_ms=18060
TIMING tick=1806 ts_start_us=18060000 ts_end_us=18060010 exec_us=10 slack_us=9990 overrun=false
TICK tick=1807 ts_ms=18070
TIMING tick=1807 ts_start_us=18070000 ts_end_us=18070010 exec_us=10 slack_us=9990 overrun=false
TICK tick=1808 ts_ms=18080
TIMING tick=1808 ts_start_us=18080000 ts_end_us=18080010 exec_us=10 slack_us=9990 overrun=false
TICK tick=1809 ts_ms=18090
TIMING tick=1809 ts_start_us=18090000 ts_end_us=18090010 exec_us=10 slack_us=9990 overrun=false
TICK tick=1810 ts_ms=18100
TIMING tick=1810 ts_start_us=18100000 ts_end_us=18100010 exec_us=10 slack_us=9990 overrun=false
TICK tick=1811 ts_ms=18110
TIMING tick=1811 ts_start_us=18110000 ts_end_us=18110010 exec_us=10 slack_us=9990 overrun=false
TICK tick=1812 ts_ms=18120
TIMING tick=1812 ts_start_us=18120000 ts_end_us=18120010 exec_us=10 slack_us=9990 overrun=false
TICK tick=1813 ts_ms=18130
TIMING tick=1813 ts_start_us=18130000 ts_end_us=18130010 exec_us=10 slack_us=9990 overrun=false
TICK tick=1814 ts_ms=18140
TIMING tick=1814 ts_start_us=18140000 ts_end_us=18140010 exec_us=10 slack_us=9990 overrun=false
TICK tick=1815 ts_ms=18150
TIMING tick=1815 ts_start_us=18150000 ts_end_us=18150010 exec_us=10 slack_us=9990 overrun=false
TICK tick=1816 ts_ms=18160
TIMING tick=1816 ts_start_us=18160000 ts_end_us=18160010 exec_us=10 slack_us=9990 overrun=false
TICK tick=1817 ts_ms=18170
TIMING tick=1817 ts_start_us=18170000 ts_end_us=18170010 exec_us=10 slack_us=9990 overrun=false
TICK tick=1818 ts_ms=18180
TIMING tick=1818 ts_start_us=18180000 ts_end_us=18180010 exec_us=10 slack_us=9990 overrun=false
TICK tick=1819 ts_ms=18190
TIMING tick=1819 ts_start_us=18190000 ts_end_us=18190010 exec_us=10 slack_us=9990 overrun=false
TICK tick=1820 ts_ms=18200
TIMING tick=1820 ts_start_us=18200000 ts_end_us=18200010 exec_us=10 slack_us=9990 overrun=false
TICK tick=1821 ts_ms=18210
TIMING tick=1821 ts_start_us=18210000 ts_end_us=18210010 exec_us=10 slack_us=9990 overrun=false
TICK tick=1822 ts_ms=18220
TIMING tick=1822 ts_start_us=18220000 ts_end_us=18220010 exec_us=10 slack_us=9990 overrun=false
TICK tick=1823 ts_ms=18230
TIMING tick=1823 ts_start_us=18230000 ts_end_us=18230010 exec_us=10 slack_us=9990 overrun=false
TICK tick=1824 ts_ms=18240
TIMING tick=1824 ts_start_us=18240000 ts_end_us=18240010 exec_us=10 slack_us=9990 overrun=false
TICK tick=1825 ts_ms=18250
TIMING tick=1825 ts_start_us=18250000 ts_end_us=18250010 exec_us=10 slack_us=9990 overrun=false
TICK tick=1826 ts_ms=18260
TIMING tick=1826 ts_start_us=18260000 ts_end_us=18260010 exec_us=10 slack_us=9990 overrun=false
TICK tick=1827 ts_ms=18270
TIMING tick=1827 ts_start_us=18270000 ts_end_us=18270010 exec_us=10 slack_us=9990 overrun=false
TICK tick=1828 ts_ms=18280
TIMING tick=1828 ts_start_us=18280000 ts_end_us=18280010 exec_us=10 slack_us=9990 overrun=false
TICK tick=1829 ts_ms=18290
TIMING tick=1829 ts_start_us=18290000 ts_end_us=18290010 exec_us=10 slack_us=9990 overrun=false
TICK tick=1830 ts_ms=18300
TIMING tick=1830 ts_start_us=18300000 ts_end_us=18300010 exec_us=10 slack_us=9990 overrun=false
TICK tick=1831 ts_ms=18310
TIMING tick=1831 ts_start_us=18310000 ts_end_us=18310010 exec_us=10 slack_us=9990 overrun=false
TICK tick=1832 ts_ms=18320
TIMING tick=1832 ts_start_us=18320000 ts_end_us=18320010 exec_us=10 slack_us=9990 overrun=false
TICK tick=1833 ts_ms=18330
TIMING tick=1833 ts_start_us=18330000 ts_end_us=18330010 exec_us=10 slack_us=9990 overrun=false
TICK tick=1834 ts_ms=18340
TIMING tick=1834 ts_start_us=18340000 ts_end_us=18340010 exec_us=10 slack_us=9990 overrun=false
TICK tick=1835 ts_ms=18350
TIMING tick=1835 ts_start_us=18350000 ts_end_us=18350010 exec_us=10 slack_us=9990 overrun=false
TICK tick=1836 ts_ms=18360
TIMING tick=1836 ts_start_us=18360000 ts_end_us=18360010 exec_us=10 slack_us=9990 overrun=false
TICK tick=1837 ts_ms=18370
TIMING tick=1837 ts_start_us=18370000 ts_end_us=18370010 exec_us=10 slack_us=9990 overrun=false
TICK tick=1838 ts_ms=18380
TIMING tick=1838 ts_start_us=18380000 ts_end_us=18380010 exec_us=10 slack_us=9990 overrun=false
TICK tick=1839 ts_ms=18390
TIMING tick=1839 ts_start_us=18390000 ts_end_us=18390010 exec_us=10 slack_us=9990 overrun=false
TICK tick=1840 ts_ms=18400
TIMING tick=1840 ts_start_us=18400000 ts_end_us=18400010 exec_us=10 slack_us=9990 overrun=false
TICK tick=1841 ts_ms=18410
TIMING tick=1841 ts_start_us=18410000 ts_end_us=18410010 exec_us=10 slack_us=9990 overrun=false
TICK tick=1842 ts_ms=18420
TIMING tick=1842 ts_start_us=18420000 ts_end_us=18420010 exec_us=10 slack_us=9990 overrun=false
TICK tick=1843 ts_ms=18430
TIMING tick=1843 ts_start_us=18430000 ts_end_us=18430010 exec_us=10 slack_us=9990 overrun=false
TICK tick=1844 ts_ms=18440
TIMING tick=1844 ts_start_us=18440000 ts_end_us=18440010 exec_us=10 slack_us=9990 overrun=false
TICK tick=1845 ts_ms=18450
TIMING tick=1845 ts_start_us=18450000 ts_end_us=18450010 exec_us=10 slack_us=9990 overrun=false
TICK tick=1846 ts_ms=18460
TIMING tick=1846 ts_start_us=18460000 ts_end_us=18460010 exec_us=10 slack_us=9990 overrun=false
TICK tick=1847 ts_ms=18470
TIMING tick=1847 ts_start_us=18470000 ts_end_us=18470010 exec_us=10 slack_us=9990 overrun=false
TICK tick=1848 ts_ms=18480
TIMING tick=1848 ts_start_us=18480000 ts_end_us=18480010 exec_us=10 slack_us=9990 overrun=false
TICK tick=1849 ts_ms=18490
TIMING tick=1849 ts_start_us=18490000 ts_end_us=18490010 exec_us=10 slack_us=9990 overrun=false
TICK tick=1850 ts_ms=18500
TIMING tick=1850 ts_start_us=18500000 ts_end_us=18500010 exec_us=10 slack_us=9990 overrun=false
TICK tick=1851 ts_ms=18510
TIMING tick=1851 ts_start_us=18510000 ts_end_us=18510010 exec_us=10 slack_us=9990 overrun=false
TICK tick=1852 ts_ms=18520
TIMING tick=1852 ts_start_us=18520000 ts_end_us=18520010 exec_us=10 slack_us=9990 overrun=false
TICK tick=1853 ts_ms=18530
TIMING tick=1853 ts_start_us=18530000 ts_end_us=18530010 exec_us=10 slack_us=9990 overrun=false
TICK tick=1854 ts_ms=18540
TIMING tick=1854 ts_start_us=18540000 ts_end_us=18540010 exec_us=10 slack_us=9990 overrun=false
TICK tick=1855 ts_ms=18550
TIMING tick=1855 ts_start_us=18550000 ts_end_us=18550010 exec_us=10 slack_us=9990 overrun=false
TICK tick=1856 ts_ms=18560
TIMING tick=1856 ts_start_us=18560000 ts_end_us=18560010 exec_us=10 slack_us=9990 overrun=false
TICK tick=1857 ts_ms=18570
TIMING tick=1857 ts_start_us=18570000 ts_end_us=18570010 exec_us=10 slack_us=9990 overrun=false
TICK tick=1858 ts_ms=18580
TIMING tick=1858 ts_start_us=18580000 ts_end_us=18580010 exec_us=10 slack_us=9990 overrun=false
TICK tick=1859 ts_ms=18590
TIMING tick=1859 ts_start_us=18590000 ts_end_us=18590010 exec_us=10 slack_us=9990 overrun=false
TICK tick=1860 ts_ms=18600
TIMING tick=1860 ts_start_us=18600000 ts_end_us=18600010 exec_us=10 slack_us=9990 overrun=false
TICK tick=1861 ts_ms=18610
TIMING tick=1861 ts_start_us=18610000 ts_end_us=18610010 exec_us=10 slack_us=9990 overrun=false
TICK tick=1862 ts_ms=18620
TIMING tick=1862 ts_start_us=18620000 ts_end_us=18620010 exec_us=10 slack_us=9990 overrun=false
TICK tick=1863 ts_ms=18630
TIMING tick=1863 ts_start_us=18630000 ts_end_us=18630010 exec_us=10 slack_us=9990 overrun=false
TICK tick=1864 ts_ms=18640
TIMING tick=1864 ts_start_us=18640000 ts_end_us=18640010 exec_us=10 slack_us=9990 overrun=false
TICK tick=1865 ts_ms=18650
TIMING tick=1865 ts_start_us=18650000 ts_end_us=18650010 exec_us=10 slack_us=9990 overrun=false
TICK tick=1866 ts_ms=18660
TIMING tick=1866 ts_start_us=18660000 ts_end_us=18660010 exec_us=10 slack_us=9990 overrun=false
TICK tick=1867 ts_ms=18670
TIMING tick=1867 ts_start_us=18670000 ts_end_us=18670010 exec_us=10 slack_us=9990 overrun=false
TICK tick=1868 ts_ms=18680
TIMING tick=1868 ts_start_us=18680000 ts_end_us=18680010 exec_us=10 slack_us=9990 overrun=false
TICK tick=1869 ts_ms=18690
TIMING tick=1869 ts_start_us=18690000 ts_end_us=18690010 exec_us=10 slack_us=9990 overrun=false
TICK tick=1870 ts_ms=18700
TIMING tick=1870 ts_start_us=18700000 ts_end_us=18700010 exec_us=10 slack_us=9990 overrun=false
TICK tick=1871 ts_ms=18710
TIMING tick=1871 ts_start_us=18710000 ts_end_us=18710010 exec_us=10 slack_us=9990 overrun=false
TICK tick=1872 ts_ms=18720
TIMING tick=1872 ts_start_us=18720000 ts_end_us=18720010 exec_us=10 slack_us=9990 overrun=false
TICK tick=1873 ts_ms=18730
TIMING tick=1873 ts_start_us=18730000 ts_end_us=18730010 exec_us=10 slack_us=9990 overrun=false
TICK tick=1874 ts_ms=18740
TIMING tick=1874 ts_start_us=18740000 ts_end_us=18740010 exec_us=10 slack_us=9990 overrun=false
TICK tick=1875 ts_ms=18750
TIMING tick=1875 ts_start_us=18750000 ts_end_us=18750010 exec_us=10 slack_us=9990 overrun=false
TICK tick=1876 ts_ms=18760
TIMING tick=1876 ts_start_us=18760000 ts_end_us=18760010 exec_us=10 slack_us=9990 overrun=false
TICK tick=1877 ts_ms=18770
TIMING tick=1877 ts_start_us=18770000 ts_end_us=18770010 exec_us=10 slack_us=9990 overrun=false
TICK tick=1878 ts_ms=18780
TIMING tick=1878 ts_start_us=18780000 ts_end_us=18780010 exec_us=10 slack_us=9990 overrun=false
TICK tick=1879 ts_ms=18790
TIMING tick=1879 ts_start_us=18790000 ts_end_us=18790010 exec_us=10 slack_us=9990 overrun=false
TICK tick=1880 ts_ms=18800
TIMING tick=1880 ts_start_us=18800000 ts_end_us=18800010 exec_us=10 slack_us=9990 overrun=false
TICK tick=1881 ts_ms=18810
TIMING tick=1881 ts_start_us=18810000 ts_end_us=18810010 exec_us=10 slack_us=9990 overrun=false
TICK tick=1882 ts_ms=18820
TIMING tick=1882 ts_start_us=18820000 ts_end_us=18820010 exec_us=10 slack_us=9990 overrun=false
TICK tick=1883 ts_ms=18830
TIMING tick=1883 ts_start_us=18830000 ts_end_us=18830010 exec_us=10 slack_us=9990 overrun=false
TICK tick=1884 ts_ms=18840
TIMING tick=1884 ts_start_us=18840000 ts_end_us=18840010 exec_us=10 slack_us=9990 overrun=false
TICK tick=1885 ts_ms=18850
TIMING tick=1885 ts_start_us=18850000 ts_end_us=18850010 exec_us=10 slack_us=9990 overrun=false
TICK tick=1886 ts_ms=18860
TIMING tick=1886 ts_start_us=18860000 ts_end_us=18860010 exec_us=10 slack_us=9990 overrun=false
TICK tick=1887 ts_ms=18870
TIMING tick=1887 ts_start_us=18870000 ts_end_us=18870010 exec_us=10 slack_us=9990 overrun=false
TICK tick=1888 ts_ms=18880
TIMING tick=1888 ts_start_us=18880000 ts_end_us=18880010 exec_us=10 slack_us=9990 overrun=false
TICK tick=1889 ts_ms=18890
TIMING tick=1889 ts_start_us=18890000 ts_end_us=18890010 exec_us=10 slack_us=9990 overrun=false
TICK tick=1890 ts_ms=18900
TIMING tick=1890 ts_start_us=18900000 ts_end_us=18900010 exec_us=10 slack_us=9990 overrun=false
TICK tick=1891 ts_ms=18910
TIMING tick=1891 ts_start_us=18910000 ts_end_us=18910010 exec_us=10 slack_us=9990 overrun=false
TICK tick=1892 ts_ms=18920
TIMING tick=1892 ts_start_us=18920000 ts_end_us=18920010 exec_us=10 slack_us=9990 overrun=false
TICK tick=1893 ts_ms=18930
TIMING tick=1893 ts_start_us=18930000 ts_end_us=18930010 exec_us=10 slack_us=9990 overrun=false
TICK tick=1894 ts_ms=18940
TIMING tick=1894 ts_start_us=18940000 ts_end_us=18940010 exec_us=10 slack_us=9990 overrun=false
TICK tick=1895 ts_ms=18950
TIMING tick=1895 ts_start_us=18950000 ts_end_us=18950010 exec_us=10 slack_us=9990 overrun=false
TICK tick=1896 ts_ms=18960
TIMING tick=1896 ts_start_us=18960000 ts_end_us=18960010 exec_us=10 slack_us=9990 overrun=false
TICK tick=1897 ts_ms=18970
TIMING tick=1897 ts_start_us=18970000 ts_end_us=18970010 exec_us=10 slack_us=9990 overrun=false
TICK tick=1898 ts_ms=18980
TIMING tick=1898 ts_start_us=18980000 ts_end_us=18980010 exec_us=10 slack_us=9990 overrun=false
TICK tick=1899 ts_ms=18990
TIMING tick=1899 ts_start_us=18990000 ts_end_us=18990010 exec_us=10 slack_us=9990 overrun=false
TICK tick=1900 ts_ms=19000
TIMING tick=1900 ts_start_us=19000000 ts_end_us=19000010 exec_us=10 slack_us=9990 overrun=false
TICK tick=1901 ts_ms=19010
TIMING tick=1901 ts_start_us=19010000 ts_end_us=19010010 exec_us=10 slack_us=9990 overrun=false
TICK tick=1902 ts_ms=19020
TIMING tick=1902 ts_start_us=19020000 ts_end_us=19020010 exec_us=10 slack_us=9990 overrun=false
TICK tick=1903 ts_ms=19030
TIMING tick=1903 ts_start_us=19030000 ts_end_us=19030010 exec_us=10 slack_us=9990 overrun=false
TICK tick=1904 ts_ms=19040
TIMING tick=1904 ts_start_us=19040000 ts_end_us=19040010 exec_us=10 slack_us=9990 overrun=false
TICK tick=1905 ts_ms=19050
TIMING tick=1905 ts_start_us=19050000 ts_end_us=19050010 exec_us=10 slack_us=9990 overrun=false
TICK tick=1906 ts_ms=19060
TIMING tick=1906 ts_start_us=19060000 ts_end_us=19060010 exec_us=10 slack_us=9990 overrun=false
TICK tick=1907 ts_ms=19070
TIMING tick=1907 ts_start_us=19070000 ts_end_us=19070010 exec_us=10 slack_us=9990 overrun=false
TICK tick=1908 ts_ms=19080
TIMING tick=1908 ts_start_us=19080000 ts_end_us=19080010 exec_us=10 slack_us=9990 overrun=false
TICK tick=1909 ts_ms=19090
TIMING tick=1909 ts_start_us=19090000 ts_end_us=19090010 exec_us=10 slack_us=9990 overrun=false
TICK tick=1910 ts_ms=19100
TIMING tick=1910 ts_start_us=19100000 ts_end_us=19100010 exec_us=10 slack_us=9990 overrun=false
TICK tick=1911 ts_ms=19110
TIMING tick=1911 ts_start_us=19110000 ts_end_us=19110010 exec_us=10 slack_us=9990 overrun=false
TICK tick=1912 ts_ms=19120
TIMING tick=1912 ts_start_us=19120000 ts_end_us=19120010 exec_us=10 slack_us=9990 overrun=false
TICK tick=1913 ts_ms=19130
TIMING tick=1913 ts_start_us=19130000 ts_end_us=19130010 exec_us=10 slack_us=9990 overrun=false
TICK tick=1914 ts_ms=19140
TIMING tick=1914 ts_start_us=19140000 ts_end_us=19140010 exec_us=10 slack_us=9990 overrun=false
TICK tick=1915 ts_ms=19150
TIMING tick=1915 ts_start_us=19150000 ts_end_us=19150010 exec_us=10 slack_us=9990 overrun=false
TICK tick=1916 ts_ms=19160
TIMING tick=1916 ts_start_us=19160000 ts_end_us=19160010 exec_us=10 slack_us=9990 overrun=false
TICK tick=1917 ts_ms=19170
TIMING tick=1917 ts_start_us=19170000 ts_end_us=19170010 exec_us=10 slack_us=9990 overrun=false
TICK tick=1918 ts_ms=19180
TIMING tick=1918 ts_start_us=19180000 ts_end_us=19180010 exec_us=10 slack_us=9990 overrun=false
TICK tick=1919 ts_ms=19190
TIMING tick=1919 ts_start_us=19190000 ts_end_us=19190010 exec_us=10 slack_us=9990 overrun=false
TICK tick=1920 ts_ms=19200
TIMING tick=1920 ts_start_us=19200000 ts_end_us=19200010 exec_us=10 slack_us=9990 overrun=false
TICK tick=1921 ts_ms=19210
TIMING tick=1921 ts_start_us=19210000 ts_end_us=19210010 exec_us=10 slack_us=9990 overrun=false
TICK tick=1922 ts_ms=19220
TIMING tick=1922 ts_start_us=19220000 ts_end_us=19220010 exec_us=10 slack_us=9990 overrun=false
TICK tick=1923 ts_ms=19230
TIMING tick=1923 ts_start_us=19230000 ts_end_us=19230010 exec_us=10 slack_us=9990 overrun=false
TICK tick=1924 ts_ms=19240
TIMING tick=1924 ts_start_us=19240000 ts_end_us=19240010 exec_us=10 slack_us=9990 overrun=false
TICK tick=1925 ts_ms=19250
TIMING tick=1925 ts_start_us=19250000 ts_end_us=19250010 exec_us=10 slack_us=9990 overrun=false
TICK tick=1926 ts_ms=19260
TIMING tick=1926 ts_start_us=19260000 ts_end_us=19260010 exec_us=10 slack_us=9990 overrun=false
TICK tick=1927 ts_ms=19270
TIMING tick=1927 ts_start_us=19270000 ts_end_us=19270010 exec_us=10 slack_us=9990 overrun=false
TICK tick=1928 ts_ms=19280
TIMING tick=1928 ts_start_us=19280000 ts_end_us=19280010 exec_us=10 slack_us=9990 overrun=false
TICK tick=1929 ts_ms=19290
TIMING tick=1929 ts_start_us=19290000 ts_end_us=19290010 exec_us=10 slack_us=9990 overrun=false
TICK tick=1930 ts_ms=19300
TIMING tick=1930 ts_start_us=19300000 ts_end_us=19300010 exec_us=10 slack_us=9990 overrun=false
TICK tick=1931 ts_ms=19310
TIMING tick=1931 ts_start_us=19310000 ts_end_us=19310010 exec_us=10 slack_us=9990 overrun=false
TICK tick=1932 ts_ms=19320
TIMING tick=1932 ts_start_us=19320000 ts_end_us=19320010 exec_us=10 slack_us=9990 overrun=false
TICK tick=1933 ts_ms=19330
TIMING tick=1933 ts_start_us=19330000 ts_end_us=19330010 exec_us=10 slack_us=9990 overrun=false
TICK tick=1934 ts_ms=19340
TIMING tick=1934 ts_start_us=19340000 ts_end_us=19340010 exec_us=10 slack_us=9990 overrun=false
TICK tick=1935 ts_ms=19350
TIMING tick=1935 ts_start_us=19350000 ts_end_us=19350010 exec_us=10 slack_us=9990 overrun=false
TICK tick=1936 ts_ms=19360
TIMING tick=1936 ts_start_us=19360000 ts_end_us=19360010 exec_us=10 slack_us=9990 overrun=false
TICK tick=1937 ts_ms=19370
TIMING tick=1937 ts_start_us=19370000 ts_end_us=19370010 exec_us=10 slack_us=9990 overrun=false
TICK tick=1938 ts_ms=19380
TIMING tick=1938 ts_start_us=19380000 ts_end_us=19380010 exec_us=10 slack_us=9990 overrun=false
TICK tick=1939 ts_ms=19390
TIMING tick=1939 ts_start_us=19390000 ts_end_us=19390010 exec_us=10 slack_us=9990 overrun=false
TICK tick=1940 ts_ms=19400
TIMING tick=1940 ts_start_us=19400000 ts_end_us=19400010 exec_us=10 slack_us=9990 overrun=false
TICK tick=1941 ts_ms=19410
TIMING tick=1941 ts_start_us=19410000 ts_end_us=19410010 exec_us=10 slack_us=9990 overrun=false
TICK tick=1942 ts_ms=19420
TIMING tick=1942 ts_start_us=19420000 ts_end_us=19420010 exec_us=10 slack_us=9990 overrun=false
TICK tick=1943 ts_ms=19430
TIMING tick=1943 ts_start_us=19430000 ts_end_us=19430010 exec_us=10 slack_us=9990 overrun=false
TICK tick=1944 ts_ms=19440
TIMING tick=1944 ts_start_us=19440000 ts_end_us=19440010 exec_us=10 slack_us=9990 overrun=false
TICK tick=1945 ts_ms=19450
TIMING tick=1945 ts_start_us=19450000 ts_end_us=19450010 exec_us=10 slack_us=9990 overrun=false
TICK tick=1946 ts_ms=19460
TIMING tick=1946 ts_start_us=19460000 ts_end_us=19460010 exec_us=10 slack_us=9990 overrun=false
TICK tick=1947 ts_ms=19470
TIMING tick=1947 ts_start_us=19470000 ts_end_us=19470010 exec_us=10 slack_us=9990 overrun=false
TICK tick=1948 ts_ms=19480
TIMING tick=1948 ts_start_us=19480000 ts_end_us=19480010 exec_us=10 slack_us=9990 overrun=false
TICK tick=1949 ts_ms=19490
TIMING tick=1949 ts_start_us=19490000 ts_end_us=19490010 exec_us=10 slack_us=9990 overrun=false
TICK tick=1950 ts_ms=19500
TIMING tick=1950 ts_start_us=19500000 ts_end_us=19500010 exec_us=10 slack_us=9990 overrun=false
TICK tick=1951 ts_ms=19510
TIMING tick=1951 ts_start_us=19510000 ts_end_us=19510010 exec_us=10 slack_us=9990 overrun=false
TICK tick=1952 ts_ms=19520
TIMING tick=1952 ts_start_us=19520000 ts_end_us=19520010 exec_us=10 slack_us=9990 overrun=false
TICK tick=1953 ts_ms=19530
TIMING tick=1953 ts_start_us=19530000 ts_end_us=19530010 exec_us=10 slack_us=9990 overrun=false
TICK tick=1954 ts_ms=19540
TIMING tick=1954 ts_start_us=19540000 ts_end_us=19540010 exec_us=10 slack_us=9990 overrun=false
TICK tick=1955 ts_ms=19550
TIMING tick=1955 ts_start_us=19550000 ts_end_us=19550010 exec_us=10 slack_us=9990 overrun=false
TICK tick=1956 ts_ms=19560
TIMING tick=1956 ts_start_us=19560000 ts_end_us=19560010 exec_us=10 slack_us=9990 overrun=false
TICK tick=1957 ts_ms=19570
TIMING tick=1957 ts_start_us=19570000 ts_end_us=19570010 exec_us=10 slack_us=9990 overrun=false
TICK tick=1958 ts_ms=19580
TIMING tick=1958 ts_start_us=19580000 ts_end_us=19580010 exec_us=10 slack_us=9990 overrun=false
TICK tick=1959 ts_ms=19590
TIMING tick=1959 ts_start_us=19590000 ts_end_us=19590010 exec_us=10 slack_us=9990 overrun=false
TICK tick=1960 ts_ms=19600
TIMING tick=1960 ts_start_us=19600000 ts_end_us=19600010 exec_us=10 slack_us=9990 overrun=false
TICK tick=1961 ts_ms=19610
TIMING tick=1961 ts_start_us=19610000 ts_end_us=19610010 exec_us=10 slack_us=9990 overrun=false
TICK tick=1962 ts_ms=19620
TIMING tick=1962 ts_start_us=19620000 ts_end_us=19620010 exec_us=10 slack_us=9990 overrun=false
TICK tick=1963 ts_ms=19630
TIMING tick=1963 ts_start_us=19630000 ts_end_us=19630010 exec_us=10 slack_us=9990 overrun=false
TICK tick=1964 ts_ms=19640
TIMING tick=1964 ts_start_us=19640000 ts_end_us=19640010 exec_us=10 slack_us=9990 overrun=false
TICK tick=1965 ts_ms=19650
TIMING tick=1965 ts_start_us=19650000 ts_end_us=19650010 exec_us=10 slack_us=9990 overrun=false
TICK tick=1966 ts_ms=19660
TIMING tick=1966 ts_start_us=19660000 ts_end_us=19660010 exec_us=10 slack_us=9990 overrun=false
TICK tick=1967 ts_ms=19670
TIMING tick=1967 ts_start_us=19670000 ts_end_us=19670010 exec_us=10 slack_us=9990 overrun=false
TICK tick=1968 ts_ms=19680
TIMING tick=1968 ts_start_us=19680000 ts_end_us=19680010 exec_us=10 slack_us=9990 overrun=false
TICK tick=1969 ts_ms=19690
TIMING tick=1969 ts_start_us=19690000 ts_end_us=19690010 exec_us=10 slack_us=9990 overrun=false
TICK tick=1970 ts_ms=19700
TIMING tick=1970 ts_start_us=19700000 ts_end_us=19700010 exec_us=10 slack_us=9990 overrun=false
TICK tick=1971 ts_ms=19710
TIMING tick=1971 ts_start_us=19710000 ts_end_us=19710010 exec_us=10 slack_us=9990 overrun=false
TICK tick=1972 ts_ms=19720
TIMING tick=1972 ts_start_us=19720000 ts_end_us=19720010 exec_us=10 slack_us=9990 overrun=false
TICK tick=1973 ts_ms=19730
TIMING tick=1973 ts_start_us=19730000 ts_end_us=19730010 exec_us=10 slack_us=9990 overrun=false
TICK tick=1974 ts_ms=19740
TIMING tick=1974 ts_start_us=19740000 ts_end_us=19740010 exec_us=10 slack_us=9990 overrun=false
TICK tick=1975 ts_ms=19750
TIMING tick=1975 ts_start_us=19750000 ts_end_us=19750010 exec_us=10 slack_us=9990 overrun=false
TICK tick=1976 ts_ms=19760
TIMING tick=1976 ts_start_us=19760000 ts_end_us=19760010 exec_us=10 slack_us=9990 overrun=false
TICK tick=1977 ts_ms=19770
TIMING tick=1977 ts_start_us=19770000 ts_end_us=19770010 exec_us=10 slack_us=9990 overrun=false
TICK tick=1978 ts_ms=19780
TIMING tick=1978 ts_start_us=19780000 ts_end_us=19780010 exec_us=10 slack_us=9990 overrun=false
TICK tick=1979 ts_ms=19790
TIMING tick=1979 ts_start_us=19790000 ts_end_us=19790010 exec_us=10 slack_us=9990 overrun=false
TICK tick=1980 ts_ms=19800
TIMING tick=1980 ts_start_us=19800000 ts_end_us=19800010 exec_us=10 slack_us=9990 overrun=false
TICK tick=1981 ts_ms=19810
TIMING tick=1981 ts_start_us=19810000 ts_end_us=19810010 exec_us=10 slack_us=9990 overrun=false
TICK tick=1982 ts_ms=19820
TIMING tick=1982 ts_start_us=19820000 ts_end_us=19820010 exec_us=10 slack_us=9990 overrun=false
TICK tick=1983 ts_ms=19830
TIMING tick=1983 ts_start_us=19830000 ts_end_us=19830010 exec_us=10 slack_us=9990 overrun=false
TICK tick=1984 ts_ms=19840
TIMING tick=1984 ts_start_us=19840000 ts_end_us=19840010 exec_us=10 slack_us=9990 overrun=false
TICK tick=1985 ts_ms=19850
TIMING tick=1985 ts_start_us=19850000 ts_end_us=19850010 exec_us=10 slack_us=9990 overrun=false
TICK tick=1986 ts_ms=19860
TIMING tick=1986 ts_start_us=19860000 ts_end_us=19860010 exec_us=10 slack_us=9990 overrun=false
TICK tick=1987 ts_ms=19870
TIMING tick=1987 ts_start_us=19870000 ts_end_us=19870010 exec_us=10 slack_us=9990 overrun=false
TICK tick=1988 ts_ms=19880
TIMING tick=1988 ts_start_us=19880000 ts_end_us=19880010 exec_us=10 slack_us=9990 overrun=false
TICK tick=1989 ts_ms=19890
TIMING tick=1989 ts_start_us=19890000 ts_end_us=19890010 exec_us=10 slack_us=9990 overrun=false
TICK tick=1990 ts_ms=19900
TIMING tick=1990 ts_start_us=19900000 ts_end_us=19900010 exec_us=10 slack_us=9990 overrun=false
TICK tick=1991 ts_ms=19910
TIMING tick=1991 ts_start_us=19910000 ts_end_us=19910010 exec_us=10 slack_us=9990 overrun=false
TICK tick=1992 ts_ms=19920
TIMING tick=1992 ts_start_us=19920000 ts_end_us=19920010 exec_us=10 slack_us=9990 overrun=false
TICK tick=1993 ts_ms=19930
TIMING tick=1993 ts_start_us=19930000 ts_end_us=19930010 exec_us=10 slack_us=9990 overrun=false
TICK tick=1994 ts_ms=19940
TIMING tick=1994 ts_start_us=19940000 ts_end_us=19940010 exec_us=10 slack_us=9990 overrun=false
TICK tick=1995 ts_ms=19950
TIMING tick=1995 ts_start_us=19950000 ts_end_us=19950010 exec_us=10 slack_us=9990 overrun=false
TICK tick=1996 ts_ms=19960
TIMING tick=1996 ts_start_us=19960000 ts_end_us=19960010 exec_us=10 slack_us=9990 overrun=false
TICK tick=1997 ts_ms=19970
TIMING tick=1997 ts_start_us=19970000 ts_end_us=19970010 exec_us=10 slack_us=9990 overrun=false
TICK tick=1998 ts_ms=19980
TIMING tick=1998 ts_start_us=19980000 ts_end_us=19980010 exec_us=10 slack_us=9990 overrun=false
TICK tick=1999 ts_ms=19990
TIMING tick=1999 ts_start_us=19990000 ts_end_us=19990010 exec_us=10 slack_us=9990 overrun=false
